method,path,body,single_q,double_q,dashes,braces,spaces,badwords_count,class
GET,/ajax/libs/jquery/3.7.1/jquery.min.js,,0,0,0,0,0,0,l
GET,/libs/analytics-browser-2.10.0-min.js.gz,,0,0,0,0,0,0,l
GET,/action/0?ti=97152766&Ver=2&mid=68fdd392-832a-423c-b728-a0cd4907d32c&bo=1&sid=5af834a0a98111efa02f95a2b26d5bfd&vid=5af85bf0a98111ef8ef349c3da4b90a5&vids=1&msclkid=N&uach=pv=&pi=918639831&lg=en-US&sw=1600&sh=900&sc=24&tl=Postman: The World's Leading API Platform | Sign Up for Free&p=https://www.postman.com/&r=https://www.google.com/&lt=18127&mtp=10&evt=pageLoad&sv=1&cdb=AQAQ&rn=749585,,1,0,0,0,10,0,l
POST,/actionp/0?ti=97152766&Ver=2&mid=68fdd392-832a-423c-b728-a0cd4907d32c&bo=2&sid=5af834a0a98111efa02f95a2b26d5bfd&vid=5af85bf0a98111ef8ef349c3da4b90a5&vids=1&msclkid=N&evt=pageHide,,0,0,0,0,0,0,l
GET,/bat.js,,0,0,0,0,0,0,l
GET,/p/action/97152766.js,,0,0,0,0,0,0,l
GET,/a17ee732ee686062fe31b5c0996e2efdae2368fb9c6d2f7a0e225f49da118c03/68747470733a2f2f766f79616765722e706f73746d616e2e636f6d2f696c6c757374726174696f6e2f746f6f6c626f782d706f73746d616e2e737667,,0,0,0,0,0,0,l
GET,/consent/ab69d0c9-1a87-42f7-92b5-b0cfbe8b098d/ab69d0c9-1a87-42f7-92b5-b0cfbe8b098d.json,,0,0,0,0,0,0,l
GET,/consent/c3d9f1e3-55f3-4eba-b268-46cee4c6789c/c3d9f1e3-55f3-4eba-b268-46cee4c6789c.json,,0,0,0,0,0,0,l
GET,/scripttemplates/otSDKStub.js,,0,0,0,0,0,0,l
GET,/pagead/viewthroughconversion/821881030/?random=1732355840886&cv=11&fst=1732355840886&bg=ffffff&guid=ON&async=1&gtm=45be4bk0v890910529za200&gcd=13l3l3l3l1l1&dma=0&tag_exp=101925629~102067555~102067808~102077855~102081485&u_w=1600&u_h=900&url=https://www.postman.com/&ref=https://www.google.com/&hn=www.googleadservices.com&frm=0&tiba=Postman: The World's Leading API Platform | Sign Up for Free&npa=0&pscdl=pending&auid=1699183358.1732355841&fledge=1&data=event=gtag.config&rfmt=3&fmt=4,,1,0,0,0,10,2,l
GET,"/gampad/ads?pvsid=2442971999746088&correlator=2339777058778750&eid=31088832,31085777&output=ldjh&gdfp_req=1&vrg=202411180101&ptt=17&impl=fif&npa=1&iu_parts=248424177,stackoverflow.com,msb,question-pages&enc_prev_ius=/0/1/2/3&prev_iu_szs=300x250|300x600&ifi=4&sfv=1-0-40&fsfs=1&fsbs=1&sc=1&cookie_enabled=1&abxe=1&dt=1732356135024&lmt=1732356135&adxs=1100&adys=634&biw=1583&bih=765&scr_x=0&scr_y=234&btvi=0&ucis=4&oid=2&u_his=4&u_h=900&u_w=1600&u_ah=852&u_aw=1600&u_cd=24&u_sd=1&u_tz=330&dmc=8&bc=31&nvt=1&uach=WyJXaW5kb3dzIiwiIiwiIiwiIiwiIixudWxsLDAsbnVsbCwiIixudWxsLDBd&url=https://stackoverflow.com/questions/31099154/a-good-way-to-take-network-requests-out-of-application-object&ref=https://www.google.com/&vis=1&psz=300x0&msz=300x0&fws=128&ohw=0&td=1&egid=19165&tan=2fa82159-2261-4bd8-a032-672c38657f59&topics=5&tps=5&htps=5&nt=1&psd=WzE1LFtudWxsLG51bGwsbnVsbCwiZGVwcmVjYXRlZF9rYW5vbiJdLG51bGwsNF0.&dlt=1732356131123&idt=3524&cust_params=Registered=false&Reputation=new&so-tag=android%2Cperformance%2Candroid-activity&tag-reportable=android%2Cperformance%2Candroid-activity&NumberOfAnswers=1&Collectives=mobile_dev&TargetingConsent=False_Passive&Sidebar=Right&adks=3890135258&frm=20&eoidce=1",,0,0,0,0,0,0,l
GET,"/gampad/ads?pvsid=2442971999746088&correlator=2339777058778750&eid=31088832,31085777&output=ldjh&gdfp_req=1&vrg=202411180101&ptt=17&impl=fif&npa=1&iu_parts=248424177,stackoverflow.com,sb,question-pages&enc_prev_ius=/0/1/2/3&prev_iu_szs=300x250|300x600&ifi=3&sfv=1-0-40&fsfs=1&fsbs=1&sc=1&cookie_enabled=1&abxe=1&dt=1732356135015&lmt=1732356135&adxs=1100&adys=634&biw=1583&bih=765&scr_x=0&scr_y=234&btvi=0&ucis=3&oid=2&u_his=4&u_h=900&u_w=1600&u_ah=852&u_aw=1600&u_cd=24&u_sd=1&u_tz=330&dmc=8&bc=31&nvt=1&uach=WyJXaW5kb3dzIiwiIiwiIiwiIiwiIixudWxsLDAsbnVsbCwiIixudWxsLDBd&url=https://stackoverflow.com/questions/31099154/a-good-way-to-take-network-requests-out-of-application-object&ref=https://www.google.com/&vis=1&psz=300x0&msz=300x0&fws=128&ohw=0&td=1&egid=19165&tan=2fa82159-2261-4bd8-a032-672c38657f58&topics=5&tps=5&htps=5&nt=1&psd=WzE1LFtudWxsLG51bGwsbnVsbCwiZGVwcmVjYXRlZF9rYW5vbiJdLG51bGwsNF0.&dlt=1732356131123&idt=3524&cust_params=Registered=false&Reputation=new&so-tag=android%2Cperformance%2Candroid-activity&tag-reportable=android%2Cperformance%2Candroid-activity&NumberOfAnswers=1&Collectives=mobile_dev&TargetingConsent=False_Passive&Sidebar=Right&adks=734352169&frm=20&eoidce=1",,0,0,0,0,0,0,l
GET,"/gampad/ads?pvsid=2442971999746088&correlator=2339777058778750&eid=31088832,31085777&output=ldjh&gdfp_req=1&vrg=202411180101&ptt=17&impl=fif&npa=1&iu_parts=248424177,stackoverflow.com,bmlb,question-pages&enc_prev_ius=/0/1/2/3&prev_iu_szs=728x90&ifi=2&sfv=1-0-40&fsfs=1&fsbs=1&sc=1&cookie_enabled=1&abxe=1&dt=1732356135009&lmt=1732356135&adxs=349&adys=1632&biw=1583&bih=765&scr_x=0&scr_y=234&btvi=1&ucis=2&oid=2&u_his=4&u_h=900&u_w=1600&u_ah=852&u_aw=1600&u_cd=24&u_sd=1&u_tz=330&dmc=8&bc=31&nvt=1&uach=WyJXaW5kb3dzIiwiIiwiIiwiIiwiIixudWxsLDAsbnVsbCwiIixudWxsLDBd&url=https://stackoverflow.com/questions/31099154/a-good-way-to-take-network-requests-out-of-application-object&ref=https://www.google.com/&vis=1&psz=727x0&msz=728x0&fws=128&ohw=0&td=1&egid=19165&tan=2fa82159-2261-4bd8-a032-672c38657f57&topics=5&tps=5&htps=5&nt=1&psd=WzE1LFtudWxsLG51bGwsbnVsbCwiZGVwcmVjYXRlZF9rYW5vbiJdLG51bGwsNF0.&dlt=1732356131123&idt=3524&cust_params=Registered=false&Reputation=new&so-tag=android%2Cperformance%2Candroid-activity&tag-reportable=android%2Cperformance%2Candroid-activity&NumberOfAnswers=1&Collectives=mobile_dev&TargetingConsent=False_Passive&Sidebar=Right&adks=1610467218&frm=20&eoidce=1",,0,0,0,0,0,0,l
GET,"/gampad/ads?pvsid=2442971999746088&correlator=2339777058778750&eid=31088832,31085777&output=ldjh&gdfp_req=1&vrg=202411180101&ptt=17&impl=fif&npa=1&iu_parts=248424177,stackoverflow.com,lb,question-pages&enc_prev_ius=/0/1/2/3&prev_iu_szs=728x90&ifi=1&sfv=1-0-40&fsfs=1&fsbs=1&sc=1&cookie_enabled=1&abxe=1&dt=1732356134986&lmt=1732356134&adxs=349&adys=175&biw=1583&bih=765&scr_x=0&scr_y=234&btvi=0&ucis=1&oid=2&u_his=4&u_h=900&u_w=1600&u_ah=852&u_aw=1600&u_cd=24&u_sd=1&u_tz=330&dmc=8&bc=31&nvt=1&uach=WyJXaW5kb3dzIiwiIiwiIiwiIiwiIixudWxsLDAsbnVsbCwiIixudWxsLDBd&url=https://stackoverflow.com/questions/31099154/a-good-way-to-take-network-requests-out-of-application-object&ref=https://www.google.com/&vis=1&psz=727x0&msz=728x0&fws=128&ohw=0&td=1&egid=19165&tan=2fa82159-2261-4bd8-a032-672c38657f56&topics=5&tps=5&htps=5&nt=1&psd=WzE1LFtudWxsLG51bGwsbnVsbCwiZGVwcmVjYXRlZF9rYW5vbiJdLG51bGwsNF0.&dlt=1732356131123&idt=3524&cust_params=Registered=false&Reputation=new&so-tag=android%2Cperformance%2Candroid-activity&tag-reportable=android%2Cperformance%2Candroid-activity&NumberOfAnswers=1&Collectives=mobile_dev&TargetingConsent=False_Passive&Sidebar=Right&adks=3840184127&frm=20&eoidce=1",,0,0,0,0,0,0,l
GET,/td/rul/821881030?random=1732355840886&cv=11&fst=1732355840886&fmt=3&bg=ffffff&guid=ON&async=1&gtm=45be4bk0v890910529za200&gcd=13l3l3l3l1l1&dma=0&tag_exp=101925629~102067555~102067808~102077855~102081485&u_w=1600&u_h=900&url=https://www.postman.com/&ref=https://www.google.com/&hn=www.googleadservices.com&frm=0&tiba=Postman: The World's Leading API Platform | Sign Up for Free&npa=0&pscdl=pending&auid=1699183358.1732355841&fledge=1&data=event=gtag.config,,1,0,0,0,10,2,l
GET,/en_US/fbevents.js,,0,0,0,0,0,0,l
GET,"/signals/config/402119569597383?v=2.9.176&r=stable&domain=www.postman.com&hme=872f04a0547459b3285cb03b0d7a47bfde40628f4b386809918a621e2688602f&ex_m=70,121,107,111,61,4,100,69,16,97,89,51,54,172,175,187,183,184,186,29,101,53,77,185,167,170,180,181,188,131,41,189,190,34,143,15,50,195,194,133,18,40,1,43,65,66,67,71,93,17,14,96,92,91,108,52,110,39,109,30,94,26,168,171,140,86,56,84,33,73,0,95,32,28,82,83,88,47,46,87,37,11,12,13,6,7,25,22,23,57,62,64,75,102,27,76,9,8,80,48,21,104,103,105,98,10,20,3,38,74,19,5,90,81,44,35,85,2,36,63,42,106,45,79,68,112,60,59,31,99,58,55,49,78,72,24,113",,0,0,0,0,0,0,l
GET,/js/forms2/js/forms2.min.js,,0,0,0,0,0,0,l
POST,/_private/browser/stats,"{""stats"": [{""incrementKey"":""REF_SELECTOR_BOOTED_FROM_UNCACHED_HTTP"",""timestamp"":1732355955144,""loggedIn"":false,""staff"":false,""bundler"":""webpack""}] }",0,16,0,0,2,1,l
POST,/_private/browser/stats,"{""stats"": [{""longTasks"":[{""name"":""self"",""duration"":85,""url"":""https://github.com/postmanlabs/postman-app-support/blob/support/CONTRIBUTING.md""}],""timestamp"":1732355918866,""loggedIn"":false,""staff"":false,""bundler"":""webpack""},{""incrementKey"":""REACT_RENDER"",""incrementTags"":{""appName"":""react-code-view"",""csr"":false,""error"":false,""ssr"":true,""ssrError"":false},""timestamp"":1732355922669,""loggedIn"":false,""staff"":false,""bundler"":""webpack""},{""incrementKey"":""REACT_RENDER"",""incrementTags"":{""appName"":""keyboard-shortcuts-dialog"",""csr"":true,""error"":false,""ssr"":false,""ssrError"":false},""timestamp"":1732355923651,""loggedIn"":false,""staff"":false,""bundler"":""webpack""},{""incrementKey"":""REF_SELECTOR_BOOTED_FROM_UNCACHED_HTTP"",""timestamp"":1732355943467,""loggedIn"":false,""staff"":false,""bundler"":""webpack""}] }",0,94,0,0,2,1,l
POST,/github/collect,"{""client_id"":""388008999.1732355899"",""events"":[{""page"":""https://github.com/postmanlabs/postman-app-support/blob/support/CONTRIBUTING.md"",""title"":""postman-app-support/CONTRIBUTING.md at support · postmanlabs/postman-app-support · GitHub"",""context"":{""user_id"":""10251060"",""user_login"":""postmanlabs"",""repository_id"":""1924147"",""repository_nwo"":""postmanlabs/postman-app-support"",""repository_public"":""true"",""repository_is_fork"":""false"",""repository_network_root_id"":""1924147"",""repository_network_root_nwo"":""postmanlabs/postman-app-support"",""referrer"":""https://github.com/postmanlabs/postman-app-support"",""request_id"":""F968:18EAF5:760D4A:88DA08:6741A74A"",""visitor_id"":""1666485962991052603"",""region_edge"":""centralindia"",""region_render"":""centralindia"",""staff"":""false"",""truncatedSloc"":""15"",""truncatedLoc"":""29"",""length"":""0"",""humanLength"":""2.73 KB""},""type"":""blob-size""}],""request_context"":{""referrer"":""https://github.com/postmanlabs/postman-app-support"",""user_agent"":""Mozilla/5.0 (Windows NT 10.0; Win64; x64) AppleWebKit/537.36 (KHTML, like Gecko) Chrome/130.0.6723.70 Safari/537.36"",""screen_resolution"":""1600x900"",""browser_resolution"":""1600x765"",""browser_languages"":""en-US"",""pixel_ratio"":1,""timestamp"":1732355923176,""tz_seconds"":19800}}",0,120,0,2,18,0,l
POST,/github/collect,"{""client_id"":""388008999.1732355899"",""events"":[{""page"":""https://github.com/postmanlabs/postman-app-support/blob/support/CONTRIBUTING.md"",""title"":""postman-app-support/CONTRIBUTING.md at support · postmanlabs/postman-app-support · GitHub"",""context"":{""user_id"":""10251060"",""user_login"":""postmanlabs"",""repository_id"":""1924147"",""repository_nwo"":""postmanlabs/postman-app-support"",""repository_public"":""true"",""repository_is_fork"":""false"",""repository_network_root_id"":""1924147"",""repository_network_root_nwo"":""postmanlabs/postman-app-support"",""referrer"":""https://github.com/postmanlabs/postman-app-support"",""request_id"":""F968:18EAF5:760D4A:88DA08:6741A74A"",""visitor_id"":""1666485962991052603"",""region_edge"":""centralindia"",""region_render"":""centralindia"",""staff"":""false"",""react"":""true"",""reactApp"":""\""react-code-view\"""",""reactPartials"":""[\""keyboard-shortcuts-dialog\""]"",""ssr"":""true"",""controller"":""\""blob\"""",""action"":""\""show\"""",""routePattern"":""\""/:user_id/:repository/blob/*name(/*path)\"""",""cpu"":""\""md\"""",""ttfb"":""{\""name\"":\""TTFB\"",\""value\"":7733}""},""type"":""web-vital""}],""request_context"":{""referrer"":""https://github.com/postmanlabs/postman-app-support"",""user_agent"":""Mozilla/5.0 (Windows NT 10.0; Win64; x64) AppleWebKit/537.36 (KHTML, like Gecko) Chrome/130.0.6723.70 Safari/537.36"",""screen_resolution"":""1600x900"",""browser_resolution"":""1600x765"",""browser_languages"":""en-US"",""pixel_ratio"":1,""timestamp"":1732355944147,""tz_seconds"":19800}}",0,158,0,3,17,0,l
POST,/github/collect,"{""client_id"":""388008999.1732355899"",""events"":[{""page"":""https://github.com/postmanlabs/postman-app-support/blob/support/CONTRIBUTING.md"",""title"":""postman-app-support/CONTRIBUTING.md at support · postmanlabs/postman-app-support · GitHub"",""context"":{""user_id"":""10251060"",""user_login"":""postmanlabs"",""repository_id"":""1924147"",""repository_nwo"":""postmanlabs/postman-app-support"",""repository_public"":""true"",""repository_is_fork"":""false"",""repository_network_root_id"":""1924147"",""repository_network_root_nwo"":""postmanlabs/postman-app-support"",""referrer"":""https://github.com/postmanlabs/postman-app-support"",""request_id"":""F968:18EAF5:760D4A:88DA08:6741A74A"",""visitor_id"":""1666485962991052603"",""region_edge"":""centralindia"",""region_render"":""centralindia"",""staff"":""false"",""react"":""true"",""reactApp"":""\""react-code-view\"""",""reactPartials"":""[\""keyboard-shortcuts-dialog\""]"",""ssr"":""true"",""controller"":""\""blob\"""",""action"":""\""show\"""",""routePattern"":""\""/:user_id/:repository/blob/*name(/*path)\"""",""cpu"":""\""md\"""",""inp"":""{\""name\"":\""INP\"",\""value\"":0,\""element\"":\""\""}""},""type"":""web-vital""}],""request_context"":{""referrer"":""https://github.com/postmanlabs/postman-app-support"",""user_agent"":""Mozilla/5.0 (Windows NT 10.0; Win64; x64) AppleWebKit/537.36 (KHTML, like Gecko) Chrome/130.0.6723.70 Safari/537.36"",""screen_resolution"":""1600x900"",""browser_resolution"":""1600x765"",""browser_languages"":""en-US"",""pixel_ratio"":1,""timestamp"":1732355944471,""tz_seconds"":19800}}",0,162,0,3,17,0,l
POST,/github/collect,"{""client_id"":""388008999.1732355899"",""events"":[{""page"":""https://github.com/postmanlabs/postman-app-support/blob/support/CONTRIBUTING.md"",""title"":""postman-app-support/CONTRIBUTING.md at support · postmanlabs/postman-app-support · GitHub"",""context"":{""user_id"":""10251060"",""user_login"":""postmanlabs"",""repository_id"":""1924147"",""repository_nwo"":""postmanlabs/postman-app-support"",""repository_public"":""true"",""repository_is_fork"":""false"",""repository_network_root_id"":""1924147"",""repository_network_root_nwo"":""postmanlabs/postman-app-support"",""referrer"":""https://github.com/postmanlabs/postman-app-support"",""request_id"":""F968:18EAF5:760D4A:88DA08:6741A74A"",""visitor_id"":""1666485962991052603"",""region_edge"":""centralindia"",""region_render"":""centralindia"",""staff"":""false"",""react"":""true"",""reactApp"":""\""react-code-view\"""",""reactPartials"":""[\""keyboard-shortcuts-dialog\""]"",""ssr"":""true"",""controller"":""\""blob\"""",""action"":""\""show\"""",""routePattern"":""\""/:user_id/:repository/blob/*name(/*path)\"""",""cpu"":""\""md\"""",""inp"":""{\""name\"":\""INP\"",\""value\"":0,\""element\"":\""\""}""},""type"":""web-vital""}],""request_context"":{""referrer"":""https://github.com/postmanlabs/postman-app-support"",""user_agent"":""Mozilla/5.0 (Windows NT 10.0; Win64; x64) AppleWebKit/537.36 (KHTML, like Gecko) Chrome/130.0.6723.70 Safari/537.36"",""screen_resolution"":""1600x900"",""browser_resolution"":""1600x765"",""browser_languages"":""en-US"",""pixel_ratio"":1,""timestamp"":1732355953168,""tz_seconds"":19800}}",0,162,0,3,17,0,l
POST,/github/collect,"{""client_id"":""388008999.1732355899"",""page_views"":[{""page"":""https://github.com/postmanlabs/postman-app-support/blob/support/CONTRIBUTING.md"",""title"":""postman-app-support/CONTRIBUTING.md at support · postmanlabs/postman-app-support · GitHub"",""context"":{""user_id"":""10251060"",""user_login"":""postmanlabs"",""repository_id"":""1924147"",""repository_nwo"":""postmanlabs/postman-app-support"",""repository_public"":""true"",""repository_is_fork"":""false"",""repository_network_root_id"":""1924147"",""repository_network_root_nwo"":""postmanlabs/postman-app-support"",""referrer"":""https://github.com/postmanlabs/postman-app-support"",""request_id"":""F968:18EAF5:760D4A:88DA08:6741A74A"",""visitor_id"":""1666485962991052603"",""region_edge"":""centralindia"",""region_render"":""centralindia"",""staff"":""false"",""react_app"":""react-code-view""}}],""request_context"":{""referrer"":""https://github.com/postmanlabs/postman-app-support"",""user_agent"":""Mozilla/5.0 (Windows NT 10.0; Win64; x64) AppleWebKit/537.36 (KHTML, like Gecko) Chrome/130.0.6723.70 Safari/537.36"",""screen_resolution"":""1600x900"",""browser_resolution"":""1600x765"",""browser_languages"":""en-US"",""pixel_ratio"":1,""timestamp"":1732355923715,""tz_seconds"":19800}}",0,104,0,2,17,0,l
GET,/postmanlabs/postman-app-support,,0,0,0,0,0,0,l
GET,/postmanlabs/postman-app-support/blob/support/CONTRIBUTING.md,,0,0,0,0,0,0,l
GET,/postmanlabs/postman-app-support/deferred-metadata/support/CONTRIBUTING.md,,0,0,0,0,0,0,l
GET,/postmanlabs/postman-app-support/hovercards/citation/sidebar_partial?tree_name=support,,0,0,0,0,0,0,l
GET,/postmanlabs/postman-app-support/latest-commit/support/CONTRIBUTING.md,,0,0,0,0,0,0,l
GET,/postmanlabs/postman-app-support/refs?type=branch,,0,0,0,0,0,0,l
GET,/postmanlabs/postman-app-support/security/overall-count,,0,0,0,0,0,0,l
GET,/postmanlabs/postman-app-support/used_by_list,,0,0,0,0,0,0,l
GET,/assets/app_assets_modules_github_behaviors_ajax-error_ts-app_assets_modules_github_behaviors_include-d0d0a6-0e9fa537dc4f.js,,0,0,0,0,0,0,l
GET,/assets/app_assets_modules_github_behaviors_commenting_edit_ts-app_assets_modules_github_behaviors_ht-83c235-c89801ebbe15.js,,0,0,0,0,0,0,l
GET,/assets/app_assets_modules_github_behaviors_task-list_ts-app_assets_modules_github_sso_ts-ui_packages-900dde-18d1c91a7872.js,,0,0,0,0,0,0,l
GET,/assets/app_assets_modules_github_blob-anchor_ts-ui_packages_code-nav_code-nav_ts-ui_packages_filter--8253c1-87c39cb5708f.js,,0,0,1,0,0,0,l
GET,/assets/app_assets_modules_github_sticky-scroll-into-view_ts-7cbef09a422c.js,,0,0,0,0,0,0,l
GET,/assets/behaviors-93287f4de493.js,,0,0,0,0,0,0,l
GET,/assets/chunk-app_components_primer_experimental_select-panel-element_ts-cbb6a57a3f48.js,,0,0,0,0,0,1,l
GET,/assets/chunk-app_components_primer_experimental_toggle-switch-element_ts-1077a1578034.js,,0,0,0,0,0,0,l
GET,/assets/chunk-app_components_search_qbsearch-input-element_ts-ui_packages_trusted-types-policies_policy_ts--7cc11e-8cec28b4ecec.js,,0,0,1,0,0,0,l
GET,/assets/chunk-node_modules_github_mini-throttle_dist_index_js-node_modules_stacktrace-parser_dist_stack-tra-600f89-cc817be6dc91.js,,0,0,0,0,0,0,l
GET,/assets/chunk-node_modules_github_mini-throttle_dist_index_js-node_modules_stacktrace-parser_dist_stack-tra-a18fad-c17189d94fd6.js,,0,0,0,0,0,0,l
GET,/assets/chunk-ui_packages_cookie-consent-link-element_cookie-consent-link-element_ts-23c1cb96287b.js,,0,0,0,0,0,0,l
GET,/assets/chunk-ui_packages_ghcc-consent-element_ghcc-consent-element_ts-2ab85b7d16d5.js,,0,0,0,0,0,0,l
GET,/assets/chunk-ui_packages_webauthn-get-element_webauthn-get-element_ts-eba7ee3409f2.js,,0,0,0,0,0,0,l
GET,/assets/chunk-vendors-node_modules_consent-banner_dist_consent-banner_js-d06d275cbddc.js,,0,0,0,0,0,0,l
GET,/assets/code-menu-3118a76a2829.js,,0,0,0,0,0,0,l
GET,/assets/element-registry-e3ab8405ef80.js,,0,0,0,0,0,0,l
GET,/assets/environment-cd35650c2e9c.js,,0,0,0,0,0,0,l
GET,/assets/github-elements-71486356f507.js,,0,0,0,0,0,0,l
GET,/assets/keyboard-shortcuts-dialog-ed30662f9578.js,,0,0,0,0,0,0,l
GET,/assets/notifications-global-3366f6b6298e.js,,0,0,0,0,0,0,l
GET,/assets/notifications-subscriptions-menu-1490f5bef85d.js,,0,0,0,0,0,0,l
GET,/assets/octicons-react-45c3a19dd792.js,,0,0,0,0,0,0,l
GET,/assets/primer-react-765944243383.js,,0,0,0,0,0,0,l
GET,/assets/react-code-view-6462e4b9d310.js,,0,0,0,0,0,0,l
GET,/assets/react-core-cd0a67881543.js,,0,0,0,0,0,0,l
GET,/assets/react-lib-7b7b5264f6c1.js,,0,0,0,0,0,0,l
GET,/assets/sessions-8fa3b694f335.js,,0,0,0,0,0,0,l
GET,/assets/ui_packages_aria-live_aria-live_ts-ui_packages_promise-with-resolvers-polyfill_promise-with-r-014121-e1792bd5a31e.js,,0,0,0,0,0,0,l
GET,/assets/ui_packages_code-view-shared_hooks_use-canonical-object_ts-ui_packages_code-view-shared_utili-228da6-37a4eeff405d.js,,0,0,0,0,0,0,l
GET,/assets/ui_packages_code-view-shared_hooks_use-file-page-payload_ts-ui_packages_code-view-shared_comp-1beb66-b07e414af699.js,,0,0,0,0,0,0,l
GET,/assets/ui_packages_code-view-shared_utilities_web-worker_ts-ui_packages_code-view-shared_worker-jobs-7fe572-0d8f4a2976ee.js,,0,0,0,0,0,0,l
GET,/assets/ui_packages_failbot_failbot_ts-a46544e9ee5e.js,,0,0,0,0,0,0,l
GET,/assets/ui_packages_hydro-analytics_hydro-analytics_ts-ui_packages_verified-fetch_verified-fetch_ts-u-4672d1-0996d093463a.js,,0,0,0,0,0,0,l
GET,/assets/ui_packages_paths_index_ts-193243317670.js,,0,0,0,0,0,0,l
GET,/assets/ui_packages_query-builder-element_query-builder-element_ts-2c975c69131a.js,,0,0,0,0,0,0,l
GET,/assets/ui_packages_ref-selector_RefSelector_tsx-7a75d9f22fe9.js,,0,0,0,0,0,2,l
GET,/assets/ui_packages_ui-commands_ui-commands_ts-d25fac54a6bc.js,,0,0,0,0,0,0,l
GET,/assets/ui_packages_updatable-content_updatable-content_ts-eae9df0dd562.js,,0,0,0,0,0,0,l
GET,/assets/vendors-node_modules_braintree_browser-detection_dist_browser-detection_js-node_modules_githu-bb80ec-634de60bacfa.js,,0,0,0,0,0,0,l
GET,/assets/vendors-node_modules_color-convert_index_js-0e07cc183eed.js,,0,0,0,0,0,0,l
GET,/assets/vendors-node_modules_delegated-events_dist_index_js-node_modules_github_catalyst_lib_index_js-f6223d90c7ba.js,,0,0,0,0,0,0,l
GET,/assets/vendors-node_modules_dompurify_dist_purify_js-b73fdff77a4e.js,,0,0,0,0,0,0,l
GET,/assets/vendors-node_modules_emotion_is-prop-valid_dist_emotion-is-prop-valid_esm_js-node_modules_emo-62da9f-54c0c921f04b.js,,0,0,0,0,0,0,l
GET,/assets/vendors-node_modules_github_arianotify-polyfill_ariaNotify-polyfill_js-node_modules_github_mi-247092-740e4ddd559d.js,,0,0,0,0,0,0,l
GET,/assets/vendors-node_modules_github_auto-complete-element_dist_index_js-node_modules_github_catalyst_-6afc16-3cdfa69a0406.js,,0,0,0,0,0,0,l
GET,/assets/vendors-node_modules_github_combobox-nav_dist_index_js-node_modules_github_g-emoji-element_di-6ce195-53781cbc550f.js,,0,0,0,0,0,0,l
GET,/assets/vendors-node_modules_github_file-attachment-element_dist_index_js-node_modules_primer_view-co-7671f1-dc6cac136d88.js,,0,0,0,0,0,0,l
GET,/assets/vendors-node_modules_github_filter-input-element_dist_index_js-node_modules_github_remote-inp-b5f1d7-492b5042c841.js,,0,0,0,0,0,0,l
GET,/assets/vendors-node_modules_github_hydro-analytics-client_dist_analytics-client_js-node_modules_gith-9002b0-8e5e346f0cbe.js,,0,0,0,0,0,0,l
GET,/assets/vendors-node_modules_github_hydro-analytics-client_dist_analytics-client_js-node_modules_gith-f3aee1-e6893db9c19e.js,,0,0,0,0,0,0,l
GET,/assets/vendors-node_modules_github_mini-throttle_dist_index_js-node_modules_github_catalyst_lib_inde-dbbea9-9b97703a4e6a.js,,0,0,0,0,0,0,l
GET,/assets/vendors-node_modules_github_mini-throttle_dist_index_js-node_modules_morphdom_dist_morphdom-e-7c534c-f8a5485c982a.js,,0,0,0,0,0,0,l
GET,/assets/vendors-node_modules_github_mini-throttle_dist_index_js-node_modules_stacktrace-parser_dist_s-1f651a-1e3d784c897c.js,,0,0,0,0,0,0,l
GET,/assets/vendors-node_modules_github_mini-throttle_dist_index_js-node_modules_stacktrace-parser_dist_s-e7dcdd-285fc29e9fa5.js,,0,0,0,0,0,0,l
GET,/assets/vendors-node_modules_github_quote-selection_dist_index_js-node_modules_github_session-resume_-0b5e12-889cec8cf448.js,,0,0,0,0,0,1,l
GET,/assets/vendors-node_modules_github_relative-time-element_dist_index_js-6d3967acd51c.js,,0,0,0,0,0,0,l
GET,/assets/vendors-node_modules_github_remote-form_dist_index_js-node_modules_delegated-events_dist_inde-893f9f-6cf3320416b8.js,,0,0,0,0,0,0,l
GET,/assets/vendors-node_modules_github_remote-form_dist_index_js-node_modules_delegated-events_dist_inde-94fd67-cf3dd69d89eb.js,,0,0,0,0,0,0,l
GET,/assets/vendors-node_modules_github_selector-observer_dist_index_esm_js-f690fd9ae3d5.js,,0,0,0,0,0,1,l
GET,/assets/vendors-node_modules_github_text-expander-element_dist_index_js-f5498b8d4e5d.js,,0,0,0,0,0,0,l
GET,/assets/vendors-node_modules_github_turbo_dist_turbo_es2017-esm_js-858e043fcf76.js,,0,0,0,0,0,0,l
GET,/assets/vendors-node_modules_lit-html_lit-html_js-ce7225a304c5.js,,0,0,0,0,0,0,l
GET,/assets/vendors-node_modules_lodash-es__Stack_js-node_modules_lodash-es__Uint8Array_js-node_modules_l-4faaa6-13a0602a5edf.js,,0,0,0,0,0,0,l
GET,/assets/vendors-node_modules_lodash-es__baseIsEqual_js-8929eb9718d5.js,,0,0,0,0,0,0,l
GET,/assets/vendors-node_modules_oddbird_popover-polyfill_dist_popover-fn_js-4896ddd4b7bb.js,,0,0,0,0,0,0,l
GET,/assets/vendors-node_modules_oddbird_popover-polyfill_dist_popover_js-aff936e590ed.js,,0,0,0,0,0,0,l
GET,/assets/vendors-node_modules_primer_behaviors_dist_esm_index_mjs-4aa4b0e95669.js,,0,0,0,0,0,0,l
GET,/assets/vendors-node_modules_scroll-anchoring_dist_scroll-anchoring_esm_js-node_modules_stacktrace-pa-a71630-6f3c4f0189d8.js,,0,0,0,0,0,0,l
GET,/assets/wp-runtime-118ecaabd77e.js,,0,0,0,0,0,0,l
GET,/favicons/favicon-dark.svg,,0,0,0,0,0,0,l
GET,/gsi/client,,0,0,0,0,0,0,l
GET,"/_/scs/abc-static/_/js/k=gapi.gapi.en.x7CxCIZpks8.O/m=gapi_iframes,googleapis_client/rt=j/sv=1/d=1/ed=1/am=AAAg/rs=AHpOoo8czmnaLIncRgBQP7N2THncpDJ9mQ/cb=gapi.loaded_0",,0,0,0,0,0,0,l
GET,/,,0,0,0,0,0,0,l
GET,/verify/AHEVGRzV3h4uzwFi2ynjM4j_KALp-6lW70WYX8UZqVIx2O9sLm8KBZkpDQm2YcU23mM7SFFHJtmOQoM6Yp0fI6CvkEDCieXmYjDjybaOwMuFrtjt,,0,0,0,0,0,0,l
GET,/verify/AHEVGRzqI_zoW-rCLKeyCTG8SU8pktCylRbXiTjNiVCQmR22UJPY0fjyO4GqTxQyiwyoazHL8bCf7jT67raaJI9t7IwaAgjqJWjh_uuvAwGdVJZh,,0,0,0,0,0,0,l
POST,/log?format=json&hasfast=true,"[[1,null,null,null,null,null,null,null,null,null,[null,null,null,null,""en-IN"",null,null,null,[[[""Not?A_Brand"",""99""],[""Chromium"",""130""]],0,""Windows"","""","""","""",""""],[1,0,0,0,0]]],373,[[""1732355812370"",null,null,null,null,null,null,""[1,40400,1,null,\""697459774.0\"",\""yaZBZ8GgErmajuMP7rqGuAo\"",null,null,null,\""en\"",\""IND\"",0,19,34564,null,0,0,null,\""og-b6b3ac98-b034-4d2b-921f-0744b6679280\"",null,null,null,null,null,null,null,null,null,null,null,null,null,null,null,null,null,null,1,null,null,null,null,null,null,null,null,null,null,null,null,0,1,null,null,0,null,[2,5,\""sl\"",10],null,null,0,0,1]"",null,null,null,null,null,null,-19800,[null,null,null,""[null,null,[3700949,3701384]]""],null,null,null,null,1]],""1732355813419"",null,null,null,null,null,null,null,null,null,null,null,null,null,[[null,[null,null,null,null,null,null,null,null,null,null,null,null,122505695]],9]]",0,40,0,0,0,0,l
POST,/log?format=json&hasfast=true,"[[1,null,null,null,null,null,null,null,null,null,[null,null,null,null,""en-IN"",null,null,null,[[[""Not?A_Brand"",""99""],[""Chromium"",""130""]],0,""Windows"","""","""","""",""""],[1,0,0,0,0]]],373,[[""1732355815338"",null,null,null,null,null,null,""[130,40400,1,null,\""697459774.0\"",\""yaZBZ8GgErmajuMP7rqGuAo\"",null,null,null,\""en\"",\""IND\"",0,19,37532,null,0,0,null,\""og-b6b3ac98-b034-4d2b-921f-0744b6679280\"",null,null,null,null,null,null,null,null,null,null,null,null,null,null,null,null,null,null,2,null,null,null,null,null,null,null,null,null,null,null,null,null,1,null,null,0,null,[2,5,\""sl\"",10],null,null,0,0,1]"",null,null,null,null,null,null,-19800,[null,null,null,""[null,null,[3700949,3701384]]""],null,null,null,null,2],[""1732355815418"",null,null,null,null,null,null,""[98,40400,1,null,\""697459774.0\"",\""yaZBZ8GgErmajuMP7rqGuAo\"",null,null,null,\""en\"",\""IND\"",0,19,37612,null,0,0,null,\""og-b6b3ac98-b034-4d2b-921f-0744b6679280\"",null,null,null,null,null,null,null,null,null,null,null,null,null,null,null,null,null,null,3,null,[\""Fa\"",\""Error: Fa\\n    at https://www.gstatic.com/og/_/js/k=og.asy.en_US.3eeyn54JYqI.2019.O/rt=j/m=_ac,_awd,ada,lldp,qads/exm=/d=1/ed=1/rs=AA2YrTsMCSvLWaI1FOp59bOj-7YXDjJMCA:280:263\"",null,null,1],null,null,null,null,null,null,null,null,null,null,null,1,null,null,0,null,[2,5,\""sl\"",10],null,null,0,0,1]"",null,null,null,null,null,null,-19800,[null,null,null,""[null,null,[3700949,3701384]]""],null,null,null,null,3]],""1732355816343"",null,null,null,null,null,null,null,null,null,null,null,null,null,[[null,[null,null,null,null,null,null,null,null,null,null,null,null,122505695]],9]]",0,62,0,0,6,0,l
POST,/log?format=json&hasfast=true,"[[1,null,null,null,null,null,null,null,null,null,[null,null,null,null,""en-US"",null,null,null,[[[""Not?A_Brand"",""99""],[""Chromium"",""130""]],0,""Windows"","""","""","""",""""],[1,0,0,0,0]]],373,[[""1732355753826"",null,null,null,null,null,null,""[1,40400,631,null,\""697459774.0\"",\""qqRBZ5jhLJ7mjuMPjrDLYA\"",null,null,null,\""en\"",\""IND\"",0,8,528185,null,0,0,null,\""og-65fa997e-a767-4fb0-af75-2b4f2f4dded8\"",null,null,null,null,null,null,null,null,null,null,null,null,null,null,null,null,null,null,1,null,null,null,null,null,null,null,null,null,null,null,null,0,null,null,null,0,null,[2,5,\""sl\"",22],null,null,0,0,1]"",null,null,null,null,null,null,-19800,[null,null,null,""[null,null,[3700949]]""],null,null,null,null,1],[""1732355753853"",null,null,null,null,null,null,""[98,40400,631,null,\""697459774.0\"",\""qqRBZ5jhLJ7mjuMPjrDLYA\"",null,null,null,\""en\"",\""IND\"",0,8,528212,null,0,0,null,\""og-65fa997e-a767-4fb0-af75-2b4f2f4dded8\"",null,null,null,null,null,null,null,null,null,null,null,null,null,null,null,null,null,null,2,null,[\""_.Ai is not a function\"",\""TypeError: _.Ai is not a function\\n    at _.VF.load (https://www.gstatic.com/og/_/js/k=og.qtm.en_US._3uvDuX1Bhg.2019.O/rt=j/m=qabr,q_dnp,qcwid,qapid,qads,q_dg/exm=qaaw,qadd,qaid,qein,qhaw,qhba,qhbr,qhch,qhga,qhid,qhin/d=1/ed=1/rs=AA2YrTus2ZfPv70D5bJuGT4XDgi-VtNqjg:486:167)\\n    at https://www.gstatic.com/og/_/js/k=og.qtm.en_US._3uvDuX1Bhg.2019.O/rt=j/m=qabr,q_dnp,qcwid,qapid,qads,q_dg/exm=qaaw,qadd,qaid,qein,qhaw,qhba,qhbr,qhch,qhga,qhid,qhin/d=1/ed=1/rs=AA2YrTus2ZfPv70D5bJuGT4XDgi-VtNqjg:489:92\\n    at https://www.gstatic.com/og/_/js/k=og.qtm.en_US._3uvDuX1Bhg.2019.O/rt=j/m=qabr,q_dnp,qcwid,qapid,qads,q_dg/exm=qaaw,qadd,qaid,qein,qhaw,qhba,qhbr,qhch,qhga,qhid,qhin/d=1/ed=1/rs=AA2YrTus2ZfPv70D5bJuGT4XDgi-VtNqjg:489:303\\n    at https://www.gstatic.com/og/_/js/k=og.qtm.en_US._3uvDuX1Bhg.2019.O/rt=j/m=qabr,q_dnp,qcwid,qapid,qads,q_dg/exm=qaaw,qadd,qaid,qein,qhaw,qhba,qhbr,qhch,qhga,qhid,qhin/d=1/ed=1/rs=AA2YrTus2ZfPv70D5bJuGT4XDgi-VtNqjg:542:3\"",null,null,1],null,null,null,null,null,null,null,null,null,null,null,null,null,null,0,null,[2,5,\""sl\"",22],null,null,0,0,1]"",null,null,null,null,null,null,-19800,[null,null,null,""[null,null,[3700949]]""],null,null,null,null,2],[""1732355753854"",null,null,null,null,null,null,""[98,40400,631,null,\""697459774.0\"",\""qqRBZ5jhLJ7mjuMPjrDLYA\"",null,null,null,\""en\"",\""IND\"",0,8,528213,null,0,0,null,\""og-65fa997e-a767-4fb0-af75-2b4f2f4dded8\"",null,null,null,null,null,null,null,null,null,null,null,null,null,null,null,null,null,null,3,null,[\""\"",\""CustomError\\n    at new _.nd (https://cloud.google.com/:65:1253)\\n    at new Dd (https://cloud.google.com/:80:11)\\n    at _.Ed (https://cloud.google.com/:80:83)\\n    at _.Fd (https://cloud.google.com/:80:118)\\n    at new es (https://www.gstatic.com/og/_/js/k=og.qtm.en_US._3uvDuX1Bhg.2019.O/rt=j/m=qabr,q_dnp,qcwid,qapid,qads,q_dg/exm=qaaw,qadd,qaid,qein,qhaw,qhba,qhbr,qhch,qhga,qhid,qhin/d=1/ed=1/rs=AA2YrTus2ZfPv70D5bJuGT4XDgi-VtNqjg:492:37)\\n    at https://www.gstatic.com/og/_/js/k=og.qtm.en_US._3uvDuX1Bhg.2019.O/rt=j/m=qabr,q_dnp,qcwid,qapid,qads,q_dg/exm=qaaw,qadd,qaid,qein,qhaw,qhba,qhbr,qhch,qhga,qhid,qhin/d=1/ed=1/rs=AA2YrTus2ZfPv70D5bJuGT4XDgi-VtNqjg:493:774\\n    at https://www.gstatic.com/og/_/js/k=og.qtm.en_US._3uvDuX1Bhg.2019.O/rt=j/m=qabr,q_dnp,qcwid,qapid,qads,q_dg/exm=qaaw,qadd,qaid,qein,qhaw,qhba,qhbr,qhch,qhga,qhid,qhin/d=1/ed=1/rs=AA2YrTus2ZfPv70D5bJuGT4XDgi-VtNqjg:542:3\"",null,null,1],null,null,null,null,null,null,null,null,null,null,null,null,null,null,0,null,[2,5,\""sl\"",22],null,null,0,0,1]"",null,null,null,null,null,null,-19800,[null,null,null,""[null,null,[3700949]]""],null,null,null,null,3]],""1732355754831"",null,null,null,null,null,null,null,null,null,null,null,null,null,[[null,[null,null,null,null,null,null,null,null,null,null,null,null,122505695]],9]]",0,84,0,6,73,0,l
POST,/ccm/collect?en=page_view&dr=www.google.com&dl=https://www.postman.com/&frm=0&lps=1&rnd=703191449.1732355841&auid=1699183358.1732355841&npa=0&gtm=45be4bk0v890910529za200&gcd=13l3l3l3l1l1&dma=0&tag_exp=101925629~102067555~102067808~102077855~102081485&tft=1732355840912&tfd=17206&apve=1,,0,0,0,0,0,1,l
GET,/client_204?atyp=i&biw=1600&bih=765&dpr=1&mtp=10&ei=yaZBZ6ipEJeVg8UPicKu6Qs&opi=89978449,,0,0,0,0,0,0,l
GET,/complete/search?q&cp=0&client=gws-wiz-serp&xssi=t&gs_pcrt=2&hl=en-IN&authuser=0&pq=postman&psi=yaZBZ6ipEJeVg8UPicKu6Qs.1732355816774&dpr=1&ofp=GPaX1s3qpaahBRiW79n6n4vR_RUYjo_ghujBhvurARjbkMCO6pmV_cwBGIjBx6TTsMa0Vw&nolsbt=1,,0,0,0,0,0,0,l
GET,/complete/search?q=postman&cp=0&client=desktop-gws-wiz-on-focus-serp&xssi=t&gs_pcrt=3&hl=en-IN&authuser=0&pq=postman&psi=yaZBZ6ipEJeVg8UPicKu6Qs.1732355816774&dpr=1&ofp=EAEY9pfWzeqlpqEFGJbv2fqfi9H9FRiOj-CG6MGG-6sBGNuQwI7qmZX9zAEYiMHHpNOwxrRXMqgBChIKEHBvc3RtYW4gZG93bmxvYWQKEAoOcG9zdG1hbiBvbmxpbmUKDwoNcG9zdG1hbiBsb2dpbgoQCg5wb3N0bWFuIGNocm9tZQoeChxwb3N0bWFuIGRvd25sb2FkIGZvciB3aW5kb3dzChUKE3Bvc3RtYW4gYWx0ZXJuYXRpdmUKFQoTcG9zdG1hbiBhcGkgdGVzdGluZwoNCgtwb3N0bWFuIGFwcBBH,,0,0,0,0,0,0,l
POST,"/gen_204?s=web&t=cap&atyp=csi&ei=kKdBZ9fiJfjz4-EPhfzkkAU&rt=wsrt.10085,cbt.736,fht.0,hst.732&opi=89978449&dt=&ts=300",,0,0,0,0,0,0,l
GET,/gen_204?atyp=i&ct=backbutton&cad=&tt=pageshow&ei=yaZBZ6ipEJeVg8UPicKu6Qs&trs=516534&bft=21&nt=navigate&zx=1732355854023&opi=89978449,,0,0,0,0,0,0,l
GET,/gen_204?atyp=i&ct=nrr&cad=&nrrr=hit&ei=yaZBZ6ipEJeVg8UPicKu6Qs&zx=1732355854023&opi=89978449,,0,0,0,0,0,0,l
GET,/pagead/1p-conversion/16521530460/?gad_source=1&adview_type=4&adview_query_id=CJXj1pmY8okDFXqlZgIdyK0EXw,,0,0,0,0,0,0,l
GET,/pagead/1p-conversion/16521530460/?gad_source=1&adview_type=4&adview_query_id=CJuP2OSV8okDFbOiZgIdCYQzKQ,,0,0,0,0,0,0,l
GET,/pagead/1p-conversion/16521530460/?gad_source=1&adview_type=4&adview_query_id=CLuR3viY8okDFX6kZgId8u4pmg,,0,0,0,0,0,0,l
GET,/search?q=cloud&oq=cloud&gs_lcrp=EgZjaHJvbWUyBggAEEUYOdIBCTk4NTU5ajBqN6gCBbACAQ&sourceid=chrome&ie=UTF-8,,0,0,0,0,0,0,l
GET,/search?q=good network request&sca_esv=7db0ce9ab356b080&ei=yaZBZ6ipEJeVg8UPicKu6Qs,,0,0,0,0,2,0,l
GET,/search?q=postman&oq=postman&gs_lcrp=EgZjaHJvbWUyBggAEEUYOdIBCDI1MjZqMGo3qAIGsAIB&sourceid=chrome&ie=UTF-8,,0,0,0,0,0,0,l
GET,"/xjs/_/js/k=xjs.s.en_GB.UA4roVHfkYo.2018.O/am=AAAAAAAAAAAAAAAAAAAAAAAAAAAAAAAAAAAAAAAAAAAAAAAAAAAAgAAAAAAAAAAAAAiggAABAAAAAAAF_AAAAAAQAgAAAAAAAAAAACBAAAKhAQAAAgAAAACABQAAEBhAgAAAQAAAAAAgAgEBAIACRAD7_UcAAAAAAAAAAAAAIQAQAQAAAABwAQCAAFASAAAQAAQAAAAGAAAABAAAAAAAUAAAIAAAAAAAQAAAAAAAAAAAAAAACADoDwEAAAAAAAAAAAAACAEAAAACYAAFAAL4AQAAAAAAAQAAAABAQAAAgD_gAQIAAAAAAADgPgB4PCAcUngAAAAAAAAAAAAAAABAABIEc0D6CwJAAAAAAAAAAAAAAAAAAABAiqCJyw0ACA/d=0/dg=0/br=1/rs=ACT90oFtMWApdLoN4WxwDj_naiGHbSqXLQ/m=sb_wiz,aa,abd,sy2rs,syy1,syy0,syxs,syxz,syy2,async,sy13s,bgd,sy7wz,foot,sy1yo,kyn,sy1sz,sy2nm,lli,sf,syxn,syxo,sy4ph,sonic,TxCJfd,sy85b,qzxzOb,IsdWVc,sy85d,sy2qa,syh6,sy2q9,sy16g,sy25a,sy25b,spch,tl,sy3br,sy3bp,syxx,sy3bq,syz9,EkevXb,sy15t,L1AAkb,sy1mh,fiAufb,sy1kr,SZXsif,sy7m6,sy7xc,sy64i,sywb,sYEX8b,sy24r,NEW1Qc,xBbsrc,sy24t,sy1yq,IX53Tb,ma4xG,sy1a7,NO84gd,b5lhvb,IoGlCf,sytt,syts,C8HsP,syug,gOTY1,syvk,syvg,syvi,syvh,syvl,syvf,syvd,syvc,syva,syun,syul,syve,PbHo4e,sy13l,bwixAb,syhs,aLUfP,wQlYve,sy13p,sy13o,sy13n,syzo,syzc,syza,s0j7C,sy13r,sy13q,QQ51Ce,sy6x4,ND0kmf,sy5jy,sy197,zGLm3b,sy1i0,sy1i1,Qj0suc,JXS8fb,sy1hy,NdLnDf,sy1hq,QKZgZd,sy1ij,sy1ih,sy1hw,sy1ig,sy1ib,sy1ia,sy1ic,sy1i6,sy1ie,sy1i8,sy1i9,sy1i3,Wct42,sy1ik,sy1ge,syr5,sypm,sypn,syr6,sy1gt,sy1gs,sy1gr,syoy,syox,syo9,sy1gq,sy1go,sy1gn,sy1gm,sy1gk,sy1gj,sy1gi,sy1gh,sy1gg,sy1gf,LiBxPe,sy3ec,sy3e5,sy3e6,sy2y3,sy1dh,sy165,sy3eb,sy3er,sy3eq,sy3e2,sy3eo,sy3en,KHourd,sy41m,T5VV,sy2x0,aDVF7,sy6je,rhYw1b,sy2nk,sy2o9,Tia57b,KpRAue,sy2nn,sy19r,sy2nt,sy2nx,sy2oa,NyeqM,sy3eh,sy3eg,sy3ea,O9SqHb,M6QgBb,sy1ai,sy1af,EO13pd,sy2ra,I9y8sd,MpJwZc,UUJqVe,sy82,sOXFj,sy81,s39S4,oGtAuc,NTMZac,nAFL3,sy8g,sy8f,q0xTif,y05UD,sy5hp?xjs=s4",,0,0,0,0,0,0,l
GET,"/xjs/_/js/k=xjs.s.en_GB.UA4roVHfkYo.2018.O/am=AAAAAAAAAAAAAAAAAAAAAAAAAAAAAAAAAAAAAAAAAAAAAAAAAAAAgAAAAAAAAAAAAAiggAABAAAAAAAF_AAAAAAQAgAAAAAAAAAAACBAAAKhAQAAAgAAAACABQAAEBhAgAAAQAAAAAAgAgEBAIACRAD7_UcAAAAAAAAAAAAAIQAQAQAAAABwAQCAAFASAAAQAAQAAAAGAAAABAAAAAAAUAAAIAAAAAAAQAAAAAAAAAAAAAAACADoDwEAAAAAAAAAAAAACAEAAAACYAAFAAL4AQAAAAAAAQAAAABAQAAAgD_gAQIAAAAAAADgPgB4PCAcUngAAAAAAAAAAAAAAABAABIEc0D6CwJAAAAAAAAAAAAAAAAAAABAiqCJyw0ACA/d=0/dg=0/br=1/rs=ACT90oFtMWApdLoN4WxwDj_naiGHbSqXLQ/m=sy1dk,sy1dj,sy1dl,sy1at,sy1z3,sy1fp,sy2hx,sy1ow,sy2hi,sy2gl,sy1nb,sy2ep,sy1np,sy1nh,sy2eo,sy1nm,sy19l,sy1nn,sy1bk,sy1nd,sy1nl,sy1n8,sy1ni,sy2eq,sy1nv,sy1au,syr1,sy2gi,sy29k,sy2gm,sy1n7,sy2f1,sy1tb,sy2em,sy2g9,sy1na,sy2ga,sy1q4,sy1q5,epYOx,zmptHf?xjs=s4",,0,0,0,0,0,0,l
GET,"/xjs/_/js/k=xjs.s.en_GB.UA4roVHfkYo.2018.O/am=AAAAAAAAAAAAAAAAAAAAAAAAAAAAAAAAAAAAAAAAAAAAAAAAAAAAgAAAAAAAAAAAAAiggAABAAAAAAAF_AAAAAAQAgAAAAAAAAAAACBAAAKhAQAAAgAAAACABQAAEBhAgAAAQAAAAAAgAgEBAIACRAD7_UcAAAAAAAAAAAAAIQAQAQAAAABwAQCAAFASAAAQAAQAAAAGAAAABAAAAAAAUAAAIAAAAAAAQAAAAAAAAAAAAAAACADoDwEAAAAAAAAAAAAACAEAAAACYAAFAAL4AQAAAAAAAQAAAABAQAAAgD_gAQIAAAAAAADgPgB4PCAcUngAAAAAAAAAAAAAAABAABIEc0D6CwJAAAAAAAAAAAAAAAAAAABAiqCJyw0ACA/d=0/dg=0/br=1/rs=ACT90oFtMWApdLoN4WxwDj_naiGHbSqXLQ/m=sy6p9,u9YDDf?xjs=s4",,0,0,0,0,0,0,l
GET,"/xjs/_/js/k=xjs.s.en_GB.UA4roVHfkYo.2018.O/am=AAAAAAAAAAAAAAAAAAAAAAAAAAAAAAAAAAAAAAAAAAAAAAAAAAAAgAAAAAAAAAAAAAiggAABAAAAAAAF_AAAAAAQAgAAAAAAAAAAACBAAAKhAQAAAgAAAACABQAAEBhAgAAAQAAAAAAgAgEBAIACRAD7_UcAAAAAAAAAAAAAIQAQAQAAAABwAQCAAFASAAAQAAQAAAAGAAAABAAAAAAAUAAAIAAAAAAAQAAAAAAAAAAAAAAACADoDwEAAAAAAAAAAAAACAEAAAACYAAFAAL4AQAAAAAAAQAAAABAQAAAgD_gAQIAAAAAAADgPgB4PCAcUngAAAAAAAAAAAAAAABAABIEc0D6CwJAAAAAAAAAAAAAAAAAAABAiqCJyw0ACA/d=1/ed=1/dg=3/br=1/rs=ACT90oFtMWApdLoN4WxwDj_naiGHbSqXLQ/ee=ALeJib:B8gLwd;AfeaP:TkrAjf;Afksuc:wMx0R;BMxAGc:E5bFse;BgS6mb:fidj5d;BjwMce:cXX2Wb;CxXAWb:YyRLvc;DM55c:imLrKe;DULqB:RKfG5c;Dkk6ge:JZmW9e;DpcR3d:zL72xf;EABSZ:MXZt9d;ESrPQc:mNTJvc;EVNhjf:pw70Gc;EmZ2Bf:zr1jrb;EnlcNd:WeHg4;F9mqte:UoRcbe;Fmv9Nc:O1Tzwc;FqHJkd:yQamIb;G0KhTb:LIaoZ;G6wU6e:hezEbd;GleZL:J1A7Od;HMDDWe:G8QUdb;HoYVKb:PkDN7e;HqeXPd:cmbnH;IBADCc:RYquRb;IZrNqe:P8ha2c;IoGlCf:b5lhvb;IsdWVc:qzxzOb;JXJSm:ii1RGf;JXS8fb:Qj0suc;JbMT3:M25sS;JsbNhc:Xd8iUd;K5nYTd:ZDZcre;KOxcK:OZqGte;KQzWid:ZMKkN;KcokUb:KiuZBf;KpRAue:Tia57b;LBgRLc:SdcwHb,XVMNvd;LEikZe:byfTOb,lsjVmc;LXA8b:q7OdKd;LsNahb:ucGLNb;Me32dd:MEeYgc;NPKaK:SdcwHb;NSEoX:lazG7b;Np8Qkd:Dpx6qc;Nyt6ic:jn2sGd;OgagBe:cNTe0;OohIYe:mpEAQb;Pjplud:EEDORb,PoEs9b;PqHfGe:im2cZe;Q1Ow7b:x5CSu;Q6C5kf:pfdZCe;QGR0gd:Mlhmy;R2kc8b:ALJqWb;R4IIIb:QWfeKf;R9Ulx:CR7Ufe;RDNBlf:zPRCJb;SLtqO:Kh1xYe;SMDL4c:fTfGO,fTfGO;SNUn3:ZwDk9d,x8cHvb;ScI3Yc:e7Hzgb,e7Hzgb;ShpF6e:N0pvGc;SzQQ3e:dNhofb;TxfV6d:YORN0b;U96pRd:FsR04;UBKJZ:LGDJGb;UDrY1c:eps46d;UVmjEd:EesRsb;UVzb9c:IvPZ6d;UyG7Kb:wQd0G;V2HTTe:RolTY;VGRfx:VFqbr;VN6jIc:ddQyuf;VOcgDe:YquhTb;VsAqSb:PGf2Re;VxQ32b:k0XsBb;WCEKNd:I46Hvd;WDGyFe:jcVOxd;Wfmdue:g3MJlb;XUezZ:sa7lqb;YIZmRd:A1yn5d;YV5bee:IvPZ6d;YkQtAf:rx8ur;ZMvdv:PHFPjb;ZSH6tc:QAvyLe;ZWEUA:afR4Cf;Zen4yb:jMF88c;ZlOOMb:P0I0Ec;a56pNe:JEfCwb;aAJE9c:WHW6Ef;aCJ9tf:qKftvc;aZ61od:arTwJ;af0EJf:ghinId;bDXwRe:UsyOtc;bFZ6gf:RsDQqe;bcPXSc:gSZLJb;cEt90b:ws9Tlc;cFTWae:gT8qnd;coJ8e:KvoW8;dIoSBb:ZgGg9b;dLlj2:Qqt3Gf;daB6be:lMxGPd;dowIGb:ebZ3mb,ebZ3mb;dtl0hd:lLQWFe;eBAeSb:Ck63tb;eBZ5Nd:audvde;eHDfl:ofjVkb;eO3lse:nFClrf;euOXY:OZjbQ;flqRgb:ox2Q7c;g8nkx:U4MzKc;gaub4:TN6bMe;gtVSi:ekUOYd;h3MYod:cEt90b;hK67qb:QWEO5b;heHB1:sFczq;hjRo6e:F62sG;hsLsYc:Vl118;iFQyKf:QIhFr,vfuNJf;imqimf:jKGL2e;jY0zg:zmptHf;k2Qxcb:XY51pe;kCQyJ:ueyPK;kMFpHd:OTA3Ae;kbAm9d:MkHyGd;lOO0Vd:OTA3Ae;lbfkyf:MqGdUd;lkq0A:JyBE3e;mWzs9c:fz5ukf;mzW4Id:nYdusb;nAFL3:NTMZac,s39S4;nJw4Gd:dPFZH;oGtAuc:sOXFj;oSUNyd:fTfGO,fTfGO;oUlnpc:RagDlc;oVHXxc:HODIOb;okUaUd:wItadb;pKJiXd:VCenhc;pNsl2d:j9Yuyc;pXdRYb:JKoKVe;pj82le:ww04Df;qGV2uc:HHi04c;qZx2Fc:j0xrE;qaS3gd:yiLg6e;qafBPd:sgY6Zb;qavrXe:zQzcXe;qddgKe:d7YSfd,x4FYXe;rQSrae:C6D5Fc;ropkZ:UT1DG;sTsDMc:kHVSUb;sZmdvc:rdGEfc;tGdRVe:CS1mob;tH4IIe:Ymry6;tosKvd:ZCqP3;trZL0b:qY8PFe;uknmt:GkPrzb;uuQkY:u2V3ud;vEYCNb:FaqsVd;vGrMZ:lPJJ0c;vfVwPd:lcrkwe;w3bZCb:ZPGaIb;w4rSdf:XKiZ9;w9w86d:dt4g2b;wQlYve:aLUfP;wR5FRb:O1Gjze,TtcOte;wV5Pjc:L8KGxe;xBbsrc:NEW1Qc;xbe2wc:wbTLEd;xtZeyf:ax1MVb;ysNiMc:CpIBjd;yxTchf:KUM7Z;z97YGf:oug9te;zOsCQe:Ko78Df;zaIgPb:Qtpxbd/m=attn,cdos,gwc,hsm,jsa,mb4ZUb,cEt90b,SNUn3,qddgKe,sTsDMc,dtl0hd,eHDfl,d,csi",,0,0,0,0,0,0,l
GET,"/xjs/_/js/k=xjs.s.en_GB.UA4roVHfkYo.2018.O/ck=xjs.s.zw_FV49SIWA.L.B1.O/am=AFKHACEAAAAEAACEABUABAAAAAAAAAAAAAAAAAAAAAAAAABIAAAAgAAAAAAAACAAAAiigACZCQAAIHgF_JA9AIA1BgAfAACOCgADACBAAAKhAQAAAgAAQACABQIAEBhAgAAARAQAAAggQgEBIICCRgD7_U-AAQAADAAAQAiAIYAQAQQwBKBxAZCAAFASQD9QQQQAAgAGAAAQBIQDDAMQVABg4EEAAAAAQAAAAAAAgAAAIQAAGEDpDxFAAIAfAADAAgAgCUEAgCDCYABFABL4AQAEAAAAASAAAgFAwIgJgD_gAQIAAAAAAADgPgB4PCAcUngAAAAAAAAAAAAAAABAABIEc0D6CwJAAAAAAAAAAAAAAAAAAABAiqCJyw0ACA/d=0/dg=0/br=1/ujg=1/rs=ACT90oFzDg6NLz_JcWHiltsc1wR4EvJ8IA/m=UMk45c,bplExb,nMfLA,O19q8,xMHx5e,R6UkWb,tW711b,UX8qee,tDA9G,sy39i,sy39f,sy39e,sy39d,syyr,syyq,sy16l,syz3,syys,sysv,syst,syyp,syz2,sy2wq,sy2wr,sy2ws,sy16h,sy1a1,sy1a2,sy16i,sy3zp,sy3zo,sy39b,sy16f,sy15y,sy12w,sy12o,sy12x,sy12u,sy12s,sy2wt,sy16d,sy169,sy168,sy16a,sy15x,sys6,Eox39d,sy91,sy90,syif,syic,syid,syib,syin,syil,syik,syij,syig,syia,sycb,syc6,sye9,syea,sycx,sycs,sycl,syco,sycn,syck,sycj,syc9,sych,sycq,sycv,syct,syc4,sycc,syca,sycw,syc8,syby,sybv,sybu,syb5,syb0,sybs,syak,syel,syb6,sybb,syec,sye6,sydx,sye1,sybx,sydy,sydm,sydn,sydt,syds,sydk,syaj,syai,sydl,sydc,sydb,sydr,sydo,syda,syd9,syd8,syd5,syd6,syd7,syd2,syd0,syd1,syd3,syc1,sydp,syi0,syi9,syi5,syi6,sy8v,sy8r,sy8u,syi2,syge,syi7,syi1,syhz,syhw,syhv,syhu,syht,sy8y,uxMpU,syhp,syeo,syej,syek,syed,syem,syeg,sybz,syc0,syd4,syeh,sye7,sy9j,sy9i,sy9h,Mlhmy,QGR0gd,aurFic,sy9s,fKUV3e,OTA3Ae,sy92,OmgaI,EEDORb,PoEs9b,Pjplud,sy9d,sy99,sy97,A1yn5d,YIZmRd,uY49fb,sy8p,sy8n,sy8l,sy8m,sy8k,sy8i,byfTOb,lsjVmc,LEikZe,kWgXee,ovKuLd,sgY6Zb,qafBPd,ebZ3mb,dowIGb,sy643,sy3xt,DpX64d,uKlGbf,sy644,EufiNb,sy5ya,sy2pn,sy2n2,sytm,tIj4fb,sy3wy,sy1i5,sy1i4,w4UyN?xjs=s3",,0,0,0,0,0,0,l
GET,"/xjs/_/js/k=xjs.s.en_GB.UA4roVHfkYo.2018.O/ck=xjs.s.zw_FV49SIWA.L.B1.O/am=AFKHACEAAAAEAACEABUABAAAAAAAAAAAAAAAAAAAAAAAAABIAAAAgAAAAAAAACAAAAiigACZCQAAIHgF_JA9AIA1BgAfAACOCgADACBAAAKhAQAAAgAAQACABQIAEBhAgAAARAQAAAggQgEBIICCRgD7_U-AAQAADAAAQAiAIYAQAQQwBKBxAZCAAFASQD9QQQQAAgAGAAAQBIQDDAMQVABg4EEAAAAAQAAAAAAAgAAAIQAAGEDpDxFAAIAfAADAAgAgCUEAgCDCYABFABL4AQAEAAAAASAAAgFAwIgJgD_gAQIAAAAAAADgPgB4PCAcUngAAAAAAAAAAAAAAABAABIEc0D6CwJAAAAAAAAAAAAAAAAAAABAiqCJyw0ACA/d=0/dg=0/br=1/ujg=1/rs=ACT90oFzDg6NLz_JcWHiltsc1wR4EvJ8IA/m=sy2ql,fVaWL,sy151,sy14y,sy14x,sy14w,sy14u,syx0,syx3,syw3,sywz,aD8OEe,sy6x0,xfmZMb?xjs=s3",,0,0,0,0,0,0,l
GET,"/xjs/_/js/k=xjs.s.en_GB.UA4roVHfkYo.2018.O/ck=xjs.s.zw_FV49SIWA.L.B1.O/am=AFKHACEAAAAEAACEABUABAAAAAAAAAAAAAAAAAAAAAAAAABIAAAAgAAAAAAAACAAAAiigACZCQAAIHgF_JA9AIA1BgAfAACOCgADACBAAAKhAQAAAgAAQACABQIAEBhAgAAARAQAAAggQgEBIICCRgD7_U-AAQAADAAAQAiAIYAQAQQwBKBxAZCAAFASQD9QQQQAAgAGAAAQBIQDDAMQVABg4EEAAAAAQAAAAAAAgAAAIQAAGEDpDxFAAIAfAADAAgAgCUEAgCDCYABFABL4AQAEAAAAASAAAgFAwIgJgD_gAQIAAAAAAADgPgB4PCAcUngAAAAAAAAAAAAAAABAABIEc0D6CwJAAAAAAAAAAAAAAAAAAABAiqCJyw0ACA/d=0/dg=0/br=1/ujg=1/rs=ACT90oFzDg6NLz_JcWHiltsc1wR4EvJ8IA/m=sy40q,sy40p,sy40o,sy40n,SJpD2c,sy5ud,sy189,sy188,sy185,sy18a,sy177,sy187,sy13e,sy139,sy132,sy134,syax,sybf,sy5ub,sy5ua,sy26j,sydg,sybn,sybl,syb7,sybk,syba,syb9,syb8,syam,sya8,sy1j4,syyl,bEGPrc,sy1jx,sy5ug,sy5uf,mBG1hd,sy5uh,mscaJf,sy5ul,sGwFce,HxbScf,kQvlef,eAR4Hf,sy5um,h3zgVb,lRePd,sy40h,nN2e1e,sy5ui,sy5un,IRJCef,sy5uk,sy5uj,scFHte,pr5okc,IFqxxc,sy40i,OXpAmf,sy5uo,sy3x0,sy3wt,sy3ws,sy1j6,sy1j7,sy19e,sy19g,sy19f,sy19b,sy19c,sy199,sy198,sy193,sy19a,syzs,syzt,syzr,syzu,syzq,syzv,syzi,syzh,syzj,syzw,syzx,syw9,syvs,syw8,GElbSc,sytr,syto,sytn,sytl,DPreE,sy5v2,xdV1C,sy63q,HYSCof,sy6nw,sy3ce,sy251,sy1hk,sytb,syta,sytc,sysf,sysg,syse,sysh,sysd,syso,sysk,sysj,sysi,sys5,syt9,sysy,sysr,sysq,sysl,sysm,sysa,sys7,sys3,sys9,KSk4yc,sy3b9,msmzHf,RagDlc,oUlnpc,sy85l,sy85m,sy6x2,sy3qd,sy2m6,sy2m7,sy2m2,sy1n5,sy150,syvv,syw1,syvz,syvu,syw4,syvw,syvx,syw2,Da4hkd,sy62w,cSX9Xe,sywe,sywd,rtH1bd,syux,syv0,syur,syuz,syv3,syv2,syv1,syut,syuo,SMquOb,sywn,sywl,sywk,sywh,sywj,d5EhJe,sy1ju,fCxEDd,syyn,sy1js,sy1jr,sy1jq,sy1jp,sy1jo,sy1jn,sy1jk,sy1dn,sy1dp,sy1do,sy1dm,sywu,syuy,sywr,syww,T1HOxc,syws,sywq,zx30Y,sy1jw,sy1jv,sy1jh,Wo3n8,sy8dg,sy8d8,sy3ls,sy1hx?xjs=s3",,0,0,0,0,0,0,l
GET,"/xjs/_/js/k=xjs.s.en_GB.UA4roVHfkYo.2018.O/ck=xjs.s.zw_FV49SIWA.L.B1.O/am=AFKHACEAAAAEAACEABUABAAAAAAAAAAAAAAAAAAAAAAAAABIAAAAgAAAAAAAACAAAAiigACZCQAAIHgF_JA9AIA1BgAfAACOCgADACBAAAKhAQAAAgAAQACABQIAEBhAgAAARAQAAAggQgEBIICCRgD7_U-AAQAADAAAQAiAIYAQAQQwBKBxAZCAAFASQD9QQQQAAgAGAAAQBIQDDAMQVABg4EEAAAAAQAAAAAAAgAAAIQAAGEDpDxFAAIAfAADAAgAgCUEAgCDCYABFABL4AQAEAAAAASAAAgFAwIgJgD_gAQIAAAAAAADgPgB4PCAcUngAAAAAAAAAAAAAAABAABIEc0D6CwJAAAAAAAAAAAAAAAAAAABAiqCJyw0ACA/d=0/dg=0/br=1/ujg=1/rs=ACT90oFzDg6NLz_JcWHiltsc1wR4EvJ8IA/m=syum,sy1if,sy8d5,sy8df,sy8db,sy3bk,sy8d4,sy747,sy18c,J4ga1b,sy3bo,sy1ht,rhe7Pb,sy1kx,EbPKJf,sy1k6,sy1k4,syjw,sy1iu,CnSW2d,sy1l2,sy1l1,sy1kz,sy1k7,pFsdhd,sy8d7,sy8d3,sy3om,sy3lx,sy1kj,syzp,syxv,sy8da,sy8d9,sy73w,syzf,etGP4c,sy7o2,EGUFKc,sy14b,sy149,syu5,syu6,syg5,syg4,sygb,syg9,syg7,syu9,sy18l,sy14c,sy14e,sy14h,sy14a,sy14d,syv5,syv8,syu8,A7ULAd,syu1,E9M6Uc,sy18o,sy18n,sy18m,cNgdQc,sy18f,sy1ao,sy1an,sy1al,syue,syua,sy1ak,sy1aj,sy18i,sy18h,syuc,syub,syu3,syu2,syu4,syty,sytx,sytv,sytw,sytz,LdB9sd,sy7o0,h5Aa7,sy391,FAhUS,sy73l,nPaQu,sy7p6,pHXghd?xjs=s3",,0,0,0,0,0,0,l
GET,/xjs/_/js/md=2/k=xjs.s.en_GB.UA4roVHfkYo.2018.O/am=AAAAAAAAAAAAAAAAAAAAAAAAAAAAAAAAAAAAAAAAAAAAAAAAAAAAgAAAAAAAAAAAAAiggAABAAAAAAAF_AAAAAAQAgAAAAAAAAAAACBAAAKhAQAAAgAAAACABQAAEBhAgAAAQAAAAAAgAgEBAIACRAD7_UcAAAAAAAAAAAAAIQAQAQAAAABwAQCAAFASAAAQAAQAAAAGAAAABAAAAAAAUAAAIAAAAAAAQAAAAAAAAAAAAAAACADoDwEAAAAAAAAAAAAACAEAAAACYAAFAAL4AQAAAAAAAQAAAABAQAAAgD_gAQIAAAAAAADgPgB4PCAcUngAAAAAAAAAAAAAAABAABIEc0D6CwJAAAAAAAAAAAAAAAAAAABAiqCJyw0ACA/rs=ACT90oFtMWApdLoN4WxwDj_naiGHbSqXLQ,,0,0,0,0,0,0,l
GET,/pagead/conversion/16521530460/?gad_source=1&adview_type=1&adview_query_id=CJXj1pmY8okDFXqlZgIdyK0EXw,,0,0,0,0,0,0,l
GET,/pagead/conversion/16521530460/?gad_source=1&adview_type=1&adview_query_id=CJuP2OSV8okDFbOiZgIdCYQzKQ,,0,0,0,0,0,0,l
GET,/pagead/conversion/16521530460/?gad_source=1&adview_type=1&adview_query_id=CLuR3viY8okDFX6kZgId8u4pmg,,0,0,0,0,0,0,l
GET,/pagead/set_partitioned_cookie?auid=1699183358.1732355841&url=https://www.postman.com/&ref=www.google.com&tfd=17206&tft=1732355840912&frm=0&gtm=45be4bk0v890910529za200&tag_exp=101925629~102067555~102067808~102077855~102081485&apve=1&gcd=13l3l3l3l1l1&dma=0&npa=0,,0,0,0,0,0,1,l
GET,/safeframe/1-0-40/html/container.html,,0,0,0,0,0,0,l
GET,/pagead/managed/js/gpt/m202411180101/pubads_impl.js,,0,0,0,0,0,0,l
GET,/tag/js/gpt.js,,0,0,0,0,0,0,l
GET,/gtag/js?id=G-CX7P9K6W67&l=dataLayer&cx=c&gtm=45be4bk0v890910529za200,,0,0,0,0,0,0,l
GET,/gtag/js?id=G-WCZ03SZFCQ,,0,0,0,0,0,0,l
GET,/static/service_worker/4bj0/sw.js?origin=https://www.postman.com,,0,0,0,0,0,0,l
GET,/static/service_worker/4bj0/sw_iframe.html?origin=https://www.postman.com,,0,0,0,0,0,0,l
GET,/s/i/productlogos/googleg/v6/24px.svg,,0,0,0,0,0,0,l
GET,"/_/mss/boq-cloudx-web-cgc/_/js/k=boq-cloudx-web-cgc.GoogleCloudUxWebAppCgcUi.en_US.hxsHy5Ifzuo.es5.O/am=e8nBBGCABQ/d=1/excm=_b,_tp,homeview/ed=1/dg=0/wt=2/ujg=1/rs=AF2DL4wXMflHKl9MdQWVr0EvWsgWUL8nqQ/m=_b,_tp",,0,0,0,0,0,0,l
GET,/cloud/images/footer/sustainabilityleaf.svg,,0,0,0,0,0,0,l
GET,/cloud/images/navigation/cpg.svg,,0,0,0,0,0,0,l
GET,/cloud/images/navigation/finance.svg,,0,0,0,0,0,0,l
GET,/cloud/images/navigation/forward.svg,,0,0,0,0,0,0,l
GET,/cloud/images/navigation/gaming.svg,,0,0,0,0,0,0,l
GET,/cloud/images/navigation/government.svg,,0,0,0,0,0,0,l
GET,/cloud/images/navigation/hcls.svg,,0,0,0,0,0,0,l
GET,/cloud/images/navigation/icon-sprite.svg,,0,0,0,0,0,0,l
GET,/cloud/images/navigation/manufacturing.svg,,0,0,0,0,0,0,l
GET,/cloud/images/navigation/media.svg,,0,0,0,0,0,0,l
GET,/cloud/images/navigation/retail.svg,,0,0,0,0,0,0,l
GET,/cloud/images/navigation/supply-chain.svg,,0,0,0,0,0,0,l
GET,/cloud/images/navigation/telecommunications.svg,,0,0,0,0,0,0,l
GET,/devrel-devsite/prod/v0e0f589edd85502a40d78d7d0825db8ea5ef3b99ab4070381ee86977c9168730/cloud/images/cloud-logo.svg,,0,0,0,0,0,0,l
GET,"/og/_/js/k=og.asy.en_US.3eeyn54JYqI.2019.O/rt=j/m=_ac,_awd,ada,lldp,qads/exm=/d=1/ed=1/rs=AA2YrTsMCSvLWaI1FOp59bOj-7YXDjJMCA",,0,0,0,0,0,0,l
GET,"/og/_/js/k=og.qtm.en_US._3uvDuX1Bhg.2019.O/rt=j/m=qabr,q_dnp,qcwid,qapid,qads,q_dg/exm=qaaw,qadd,qaid,qein,qhaw,qhba,qhbr,qhch,qhga,qhid,qhin/d=1/ed=1/rs=AA2YrTus2ZfPv70D5bJuGT4XDgi-VtNqjg",,0,0,0,0,0,0,l
GET,/li.lms-analytics/insight.min.js,,0,0,0,0,0,0,l
GET,/attribution_trigger?pid=4496132&time=1732355851213&url=https://www.postman.com/,,0,0,0,0,0,0,l
GET,/collect?v=2&fmt=js&pid=4496132&time=1732355851213&li_adsId=f7605e92-8c45-4c0c-bb71-3b6c415f3bbf&url=https://www.postman.com/,,0,0,0,0,0,0,l
GET,/164/munchkin.js,,0,0,0,0,0,0,l
GET,/munchkin.js,,0,0,0,0,0,0,l
GET,/site-script.js,,0,0,0,0,0,0,l
POST,/webevents/visitWebPage?_mchNc=1732355852330&_mchCn=&_mchId=067-UMD-991&_mchTk=_mch-postman.com-75e4c247a265b39dcd3871767293af4a&_mchHo=www.postman.com&_mchPo=&_mchRu=/&_mchPc=https:&_mchVr=164&_mchEcid=&_mchHa=&_mchRe=https://www.google.com/&_mchQp=,,0,0,0,0,0,0,l
GET,/spx?dxver=4.0.0&shaid=37044&tdr=https://www.google.com/&plh=https://www.postman.com/&cb=17174996001450604term=value,,0,0,0,0,0,0,l
OPTIONS,/$rpc/google.internal.onegoogle.asyncdata.v1.AsyncDataService/GetAsyncData,,0,0,0,0,0,0,l
POST,/$rpc/google.internal.onegoogle.asyncdata.v1.AsyncDataService/GetAsyncData,"[1,"""",1,""en"",""co.in"",0,null,0,0,"""","""",1,0,null,89978449,null,[1]]",0,10,0,0,0,0,l
GET,/illustration/grow-with-postman/blocks-light.svg,,0,0,0,0,0,1,l
GET,/illustration/postman-footer-rocket-launch.svg,,0,0,0,0,0,1,l
GET,/illustration/state-of-api/postman-state-of-api-2024-illustration.svg,,0,0,0,0,0,1,l
GET,/logo/external/datadog-logo.svg,,0,0,0,0,0,1,l
GET,/logo/external/dropbox-logo.svg,,0,0,0,0,0,2,l
GET,/logo/external/github-icon.svg,,0,0,0,0,0,1,l
GET,/logo/external/gitlab-logo.svg,,0,0,0,0,0,1,l
GET,/logo/external/google-maps-logo-horizontal.svg,,0,0,0,0,0,1,l
GET,/logo/external/hubspot-logo.svg,,0,0,0,0,0,1,l
GET,/logo/external/jenkins-logo.svg,,0,0,0,0,0,1,l
GET,/logo/external/lnkdin-icon.svg,,0,0,0,0,0,1,l
GET,/logo/external/meta-logo-horizontal.svg,,0,0,0,0,0,1,l
GET,/logo/external/microsoft-logo-horizontal.svg,,0,0,0,0,0,1,l
GET,/logo/external/miro-logo-stacked.svg,,0,0,0,0,0,1,l
GET,/logo/external/new-relic-logo.svg,,0,0,0,0,0,1,l
GET,/logo/external/paypal-logo-horizontal.svg,,0,0,0,0,0,1,l
GET,/logo/external/salesforce-cloud-logo.svg,,0,0,0,0,0,1,l
GET,/logo/external/stripe-logo-horizontal.svg,,0,0,0,0,0,1,l
GET,/logo/external/twitch-icon.svg,,0,0,0,0,0,1,l
GET,/logo/external/twitter-logo.svg,,0,0,0,0,0,1,l
GET,/logo/external/twtr-logo-blue.svg,,0,0,0,0,0,1,l
GET,/logo/external/uber-logo.svg,,0,0,0,0,0,1,l
GET,/logo/external/yt-icon.svg,,0,0,0,0,0,1,l
GET,/logo/postman-logo-icon-orange.svg,,0,0,0,0,0,1,l
GET,/lottie/pre-footer-ai-campaign-lp.json,,0,0,0,0,0,0,l
GET,/,,0,0,0,0,0,0,l
GET,/_mk-www-v8.205.0/25aedb6d-f69354dc3fbb914f6cfa.js,,0,0,0,0,0,0,l
GET,/_mk-www-v8.205.0/2693841004f59f8cf5855a8acfcd28a977734580-7fc0197a38ba7fa559a1.js,,0,0,0,0,0,1,l
GET,/_mk-www-v8.205.0/3bf748c2-d3c1a14c993cc92359a1.js,,0,0,0,0,0,0,l
GET,/_mk-www-v8.205.0/5101648b-112397674af074c79312.js,,0,0,0,0,0,0,l
GET,/_mk-www-v8.205.0/aceecd74-40be2f596c06d4ab1d6d.js,,0,0,0,0,0,0,l
GET,/_mk-www-v8.205.0/app-70b66db084456c869f1c.js,,0,0,0,0,0,0,l
GET,/_mk-www-v8.205.0/b637e9a5-d8bd381664b706297084.js,,0,0,0,0,0,0,l
GET,/_mk-www-v8.205.0/commons-d7b3a789c15ba5a2873a.js,,0,0,0,0,0,1,l
GET,/_mk-www-v8.205.0/component---src-templates-page-1-jsx-714f0c79d82043f992a6.js,,0,0,1,0,0,1,l
GET,/_mk-www-v8.205.0/ea88be26-dae4861777b53deeb5c7.js,,0,0,0,0,0,0,l
GET,/_mk-www-v8.205.0/ed209f75-fe679b68680994e99742.js,,0,0,0,0,0,0,l
GET,/_mk-www-v8.205.0/ee8b1517-f4b3fc4bb9ac341a7c20.js,,0,0,0,0,0,0,l
GET,/_mk-www-v8.205.0/framework-36f8fb343be96a56523f.js,,0,0,0,0,0,0,l
GET,/_mk-www-v8.205.0/page-data/app-data.json,,0,0,0,0,0,1,l
GET,/_mk-www-v8.205.0/page-data/index/page-data.json,,0,0,0,0,0,1,l
GET,/_mk-www-v8.205.0/page-data/sq/d/1682612439.json,,0,0,0,0,0,1,l
GET,/_mk-www-v8.205.0/prefetch/_ga.js,,0,0,0,0,0,1,l
GET,/_mk-www-v8.205.0/prefetch/jq.js,,0,0,0,0,0,1,l
GET,/_mk-www-v8.205.0/webpack-runtime-34c430475e656e71b8c6.js,,0,0,0,0,0,0,l
GET,/mkapi/hello.json?t=1732355848773,,0,0,0,0,0,1,l
GET,/mkapi/rm_fallback.js,,0,0,0,0,0,1,l
POST,/events,eyJjYXRlZ29yeSI6InBtLWFuYWx5dGljcyIsImFjdGlvbiI6ImxvYWQiLCJpbmRleFR5cGUiOiJjbGllbnQtZXZlbnRzIiwicHJvcGVydHkiOiJwb3N0bWFuLW1hcmtldGluZy13ZWJzaXRlLXd3dyIsInByb3BlcnR5SWQiOiJ3d3cucG9zdG1hbi5jb20iLCJ0cmFjZUlkIjoicG1NVGN6TWpNMU5UZzBNalk1T0E9PXxQTS5NakF5TkMweE1TMHlNMVF3T1RvMU56b3lNaTQyT1RaYSIsInRpbWVzdGFtcCI6IjIwMjQtMTEtMjNUMDk6NTc6MjIuNzAyWiIsIm1ldGEiOnsidXJsIjoiaHR0cHM6Ly93d3cuZ29vZ2xlLmNvbS8iLCJsYW5ndWFnZSI6ImVuLVVTIn0sImVudGl0eUlkIjoiLyNwb3N0bWFuLWhvbWUiLCJlbnYiOiJwcm9kdWN0aW9uIiwidHlwZSI6ImV2ZW50cy13ZWJzaXRlIiwidXNlcklkIjoiUE0uTWpBeU5DMHhNUzB5TTFRd09UbzFOem95TWk0Mk9UWmEifQ==,0,0,0,0,0,0,l
OPTIONS,/v1/events/asLtEBCh7D4pMetaFgSz,,0,0,0,0,0,0,l
POST,/v1/events/asLtEBCh7D4pMetaFgSz,"{""auth"":""YXNMdEVCQ2g3RDRwTWV0YUZnU3o6THNnS3ZtSHoxVE1KVGF6QV9NMzc="",""demandramp_rm__person_id__c"":""MTkzNTg3NDVmMTYtNjVmMjhlZTAtZjQxYi00MzM2LWE3YzEtMzk2NzU2OWNjYzI4"",""event"":""eyIkcGFnZV9pbmZvIjp7ImRlbWFuZHJhbXBfcm1fX3Nlc3Npb25faWRfX2MiOiJhSFIwY0hNNkx5OTNkM2N1WjI5dloyeGxMbU52YlM4PSIsImRlbWFuZHJhbXBfcm1fX2Rlc3RpbmF0aW9uX3VybF9fYyI6Imh0dHBzOi8vd3d3LnBvc3RtYW4uY29tLyIsInVhIjoiTW96aWxsYS81LjAgKFdpbmRvd3MgTlQgMTAuMDsgV2luNjQ7IHg2NCkgQXBwbGVXZWJLaXQvNTM3LjM2IChLSFRNTCwgbGlrZSBHZWNrbykgQ2hyb21lLzEzMC4wLjY3MjMuNzAgU2FmYXJpLzUzNy4zNiIsImRlbWFuZHJhbXBfcm1fX3JlZmVycmluZ191cmxfX2MiOiJodHRwczovL3d3dy5nb29nbGUuY29tLyIsImRlbWFuZHJhbXBfcm1fX3V0bV9tZWRpdW1fX2MiOiIiLCJkZW1hbmRyYW1wX3JtX191dG1fc291cmNlX19jIjoiZGlyZWN0IiwiZGVtYW5kcmFtcF9ybV9fdXRtX3Rlcm1fX2MiOiIiLCJkZW1hbmRyYW1wX3JtX191dG1fY29udGVudF9fYyI6IiIsImRlbWFuZHJhbXBfcm1fX3V0bV9jYW1wYWlnbl9fYyI6IiIsInJhbXBtZXRyaWNzX2NhbXBhaWduX2lkX19jIjoiIn0sIiRsaWJfdmVyIjoiMC4xLjAiLCIkZXZlbnRfbmFtZSI6IiRwYWdldmlldyIsIiRwYWdlIjoiaHR0cHM6Ly93d3cucG9zdG1hbi5jb20vIiwibWFwcGluZyI6IiJ9"",""_"":""MTczMjM1NTg0MTgyMg==""}",0,16,0,0,0,0,l
GET,/Img/teams/teams-promo.svg?v=e507948b81bf,,0,0,0,0,0,0,l
GET,/Img/unified/sprites.svg?v=fcc0ea44ba27,,0,0,0,0,0,0,l
GET,/Img/unified/wmd-buttons.svg?v=c26278fc22d9,,0,0,0,0,0,0,l
GET,/Js/full-anon.en.js?v=5f1588d135ba,,0,0,0,0,0,0,l
GET,/Js/islands/homepage-wizard.en.js?v=ded99e89b1fe,,0,0,0,0,0,0,l
GET,/Js/islands/one-tap.en.js?v=23f8c3257ece,,0,0,0,0,0,0,l
GET,/Js/islands/signup-modal.en.js?v=83630fec4fc9,,0,0,0,0,0,0,l
GET,/Js/modules/cookie-consent.en.js?v=36bebc18e04f,,0,0,0,0,0,0,l
GET,/Js/post-validation.en.js?v=b8c35578315c,,0,0,0,0,0,0,l
GET,/Js/stub.en.js?v=44cbb4d4d062,,0,0,0,0,0,0,l
GET,/Js/third-party/npm/@stackoverflow/stacks/dist/js/stacks.min.js?v=d5f780ae3281,,0,0,0,0,0,0,l
GET,/Js/webpack-chunks/1315.en.js?v=d971ebf7a8e2,,0,0,0,0,0,0,l
GET,/Js/webpack-chunks/3397.en.js?v=ecde4075784a,,0,0,0,0,0,0,l
GET,/Js/webpack-chunks/5906.en.js?v=2f743119b3b6,,0,0,0,0,0,0,l
GET,/Js/webpack-chunks/7224.en.js?v=8ca862d5f302,,0,0,0,0,0,0,l
GET,/Js/webpack-chunks/stacks-svelte.en.js?v=f502284fb7e4,,0,0,0,0,0,0,l
GET,/Js/webpack-chunks/svelte.en.js?v=caf9bac78ee8,,0,0,0,0,0,0,l
GET,/Sites/stackoverflow/Img/subcommunities/mobile-dev.svg?v=f6e72ddb4e44,,0,0,0,0,0,0,l
POST,/cdn-cgi/challenge-platform/h/g/jsd/r/8e705274bba7a78c,"{""wp"":""TmbEkDzZkSbkiRVzaz08FEDo8UK8JuJ44DZzIe8YGoPG1b8lYwBVGSzQ8iabA-mm8Ut48s84o4bz8x4z3VqEtSmW+hEYG9mKUdQ0RAME39k7K6zdeYtJ8kbbvJlDW-8pA-1OW8OERl8D7b8JEDDE9O8WNE8tRDCR8E8MQyZDA6m8zmbZbUySAEwTA6xE4kL81b7PEzuFt4B8AJZUAKCRRHb8FMbS8kDe8DWJbmTctS$ctB8$7pJ8D1xgh20BtG85tmjFXVz6J67B72j-oBqzIpxegH0b1YE8Yuob8PzFyHzv4zD5qnjZCWmk22SCaBoavjazaaE4Wc3sp48mtgZ8z39mTMCDFi0xvbl88RlxJA5URYo8O8AgJ4E$lKseIyRvS4ze9iq2i+iLjYOcDUAMAf16FRMNjMMLJnhSA8zyBK-TylXkLDTo8RiGhpTWDI1TOpFyKVx76httME8ag2S70Sf3mEk-HNwE92cKL649lup7BD5GWlWTDIW886DhpmllBtmYzGxV424kH5ZhDD-cqRlD9SkoxDfSZS-ReMy8105X8wxbW1QDzzXmc1fam5b4U8EblgBjXT0q1X$AEYTk-U+8Gp2ONIa69UFTCUIGpJlFCW-awZeLhIUiWR6$Xh9ZaNqTI-UwuS6tgLaUjkm9RYNW1DOxvy24-N$VM10x4lXRAX7Lp7A5mCVp9+Y8zt4zE3ziTKoITV83IEBDJAbLE-RW8X3P18ELzmZlsDuU4HKmslWyUUEmYbP1wy4UEHciT8x8HgOOaH8gZUS2yi0tRd9DJR8L1mLtZkb0E$L488tBlSUbfXosbY4JAiht9kEUJkRBvjJ9iXCGRuhXazBP8HFmhJ4zliK9DHjJHbwc8oYv9ojeVKzUsboClUm6KZKtUEYAJVkykZWzps-UElQihO7b8TjCzzu2YUTAYmszO5UVOlzlUVa0uhysk417YYtDEwRYUEGUbcJCbOD-5GG5dyAJmEaIXSdZUmJ-H1OjDhb4DKvE$ckaAiJyJtO-u1RbwymUU3Vd8VkzW+H9zv1StzxDHSt9DSzzTVmAEx88Say5SNRbG9zyS8zRhOYDWtEJJ-DEtX3ERDeHRuGlmTzH44pFP-$mnZz4VtoFERCa1O88XYOkKOAoZyCczBN44FZUDsys3Jjj8Q-98eWOfyRV4UEx7gUKJ84BjEEU5T9FEjtmjwpieQHs4JR2gEQX8x3hjmUTJUbe8C1OFQixYACuaS03UvLY7m3biSsS67ChF$K8ai6OlWk3yERObR8SD1cJJUDkHw8JYjqh5D4xxYNLz1M9X$LbYP-dCb7KkEhOB8bjj20CFO55ayPuc1EHGDptOmNVaTANUIPH3kGj4nwxJwROnOim7OlVL4Fku9XB5$AiL4YKbsz9YmdPxk8tnWWDhXDW4RbFvX5nksOseaTUK83ZmeMRzqoOlWYBJxR1DEFZVxbKyLW8znnXl9nAyPU5GZxmHH4N9R391llktW9+p$ORUbZVYRbUV$H2$al3bjH7b8S44zh9n1be9kn3oDFayPkxbib1DUFVcboBmmncadRMxCEN8aGOtiB4Ol-E20b7nsa9bDkhPcdIb5e99zyRYyG82GBznTkc+MbJxGzmOUYeGvx2k987DaOTRaqdSNOCUX98xW79b2PJRhk218vHFDYWMxVhdPvVJUDbCB2YyFgUZdG9ibwLDZ4SATB4XDUK$uG1XzOITWOHe5snjaP-KAObVhpkOzypzmUYea9iw4vDQjEUELLVpRyyRXzEUVztZAyF-hUR4h8l5OAlJ9xVVEY8HJ-ka1LQ8pAIkuRGi1Y-UKTzSz49lyCvzmUbF9B1+93ydDYSbe1Q9WEqYL9O$OUGwE7Pui-2yxBYkJuVemCBHBKt3TUy62isJY83oFO-T1N45tyPVjlayRjGQRV3vBPYBXAy19m8OBKPz77RP6yE-OzTZtg2O+gMOVqY8kJkWjk1X-JDFAJzGJSalZ6Lcmylml78XHFYXsCcXc8o6netR8lEuzvSH0xJA82q8cQbDu4d2xvEniT8j5AMvBOOB7zKMygbtoPkbYWMEhUljyzTzObXi4CK+MScmkwlDi7n8oyiYE2yJlmz4eONiC7pFHO$puplhXtKRbtI+5uKznLDkB162u373BDBmNRpisyLz8iJPmyPL$fRK1T29XJIpnduH--I2c1l3zxDxPKK5ll58R2G7y9EtpvYR8H+m3zbiOBwkmLJN7BHgRHcpITMAkpqN7iadRjdbiu-X1aWkM6LCQZLB55WlGkoeN$bBzXO7vbpNYatpv9lN4sgVIgakZ5QsOIYkZcTp378e8JmRNFhJf7B5VQWY0hJYJZS02-5tFiHLXkAl6atB4zlclXcX9O5uyoRzEU-WRhGBpz80v1JnBExxWZnMwcQQwl6BN6nqU-XJ-yHt22n+yz4Vga7qatGepGMJoH4YnNej2GpGvkvFdv4$K4P9-2BXhpuld0HzELUtbV5pQn4bf-TK2qqfReIMX8COZlZIYRJNYbMp72NsFw94GDKk+8BD9-G+oVucNmP3-thOLplSw88Dq02zemLuK4g1$S6jyNYXlJ4$zJTo4EeWwncGAp4F9N7WVXc-kb3ERdDSHpl-4ToHJHT9pKciR2ATBNYQc2YVxwI-N62-OJACpHfj+c3-Xb4+tBNmBDCwpOaa8F2p3MWvvuy8-Jk-S4Fvy03BsASpNvJa0XBeUkJ-GXn0ZAI2LcHslRT+g2c7N4ARe-1zKLaL$5xay-cwG1vp-KP-$SQGbSuP6hq6NBd$jVWJFgHQVdoMLdWdkxcm-x1JDRX892JzEiFZICIONad+NSnpmEoS8sBOBkth-Q36VDgd31wIM39F2S7gTaatQwsBpvhTt0X192$MXi4+kEo22MhwadN0q501MiDfsfMaPSjIhE6JG4kEJz4Fn8LH7pKAdKVXiL37ECka-X1sCk8lPqPo+DKb4AEAUYZCEoky41zx8RXmAbv1NF$1bm4IOYKKcdRx1CN7m4Q5yVb88RMZ-O5SyEBQSVAPYmVVQB3NkY$g-WX8Pa0avXPylSVd-axQotV7MJcsHP-m4F0nOb7mYYuQvty4nzLjpSSIOLC1Z7bG8yBI2tS0u2zhoKNaxM7KzEwU0NqExWoVihd7KBviZ0L9htkbotj0N7CDwFJV-vWUysmyyQvK5jH9a99h0R7wiws9sBhtEPk4U2Fz56pwKmhHt9f0x4aA8nzJLXxfGqCwJGf-NXVVxeG5Yzykj7AdLpEYDBvFPwolEFBzo$kaRTS4xHpm-7SQX8j5cBDuvAcdLBFQDTCVuc34hxic1H+QDlR+9hhgD9hChPIKHQo7-neHRvxlDFnMnvmhfz$$xVbucNhb$Iqtw2FCAES8TwTU00JPK4PWB7fEhRY+QaNDjN0qh5CYNtpcmF6XC3jx7BJqpBU-EDeYBT4D3-qBkBzE28Ekzw3wb-NBhw77MBYDfpApB6QBDYPBXI77$gqTqwGkCGliwDEDfph14GyDCbbGdO9OLplkiImDawlGmzYDJwuIaDwG57GI-Gf1skoz$-QlxkuILI$DB8nIsDUG3qdi7-pB3DhqaGwKHkww8p7kA7$IoqwwKIgbKwVONGJwPwkkaw71L8JqRI-1ipwqpGZV0DQmOV3wh-AD0IWXqDQkIRWOFIIRoGPDL81D3qeGZ-aqeIW-JqeIzk4thGOCCVbt4VXGiyRz2dmtpVltiVtzIBhqYTBDaqCD3qGVjT-y-VMD3qwVDk2IyydOJVawuVLw3q5TGtwwHTH4Ww3TlE2TwEumzZawxVIk3qsVPZUto-JqKT0wxqHpupWDHBvVziKtg1RV1ypVudglJwfwKkaqgVWExwtVwKwyhqcVlznTWG1yqyktqyfbXRgt1qpdwv9-kq1wF-0-kqE-AwC-aD3qOdadG-l-QDBdxdetfX-txd8yVtx-DdLqx-JdRtzvZtxdnD8jLdEDMdEjLdYtOjlJmtBjwG4yVJf1CtSto-fDWtodLbxwNyyz8-hqJjRd0twqJJDJhqntLbuXFkt-fTF-HjwwUjkt7yj-k-ppNdHyppVwEkGj-yJlOjz9ade6x6FqHKdqpwRwu7P-UEJBeO+OhXlEpivjdZI1v-WytZjg6DUtqjZRjZgtmqu4$IvEcOc1RKM1WK97mKMJ54KEvJf72TgbJKQpElqvmCyzh1eJSv$tJomEbO7bMXmo5kxKGDO12bG8idazb88zH9V$7cWpNU4VyZlzakOkRjv8EcYUKv-9bz9c84izo8Eev2m2Ov-pszKxtSlZEQ7eVX8h$ZXkaTsvps4ch13R3h3hbdaDEU4poisiEvPxzDQBzcS8H1uTuU3D7blhyUCD-yaxbe6UaM54b4iibDEsW9QvPx5RbgEx$ibB-181l2jx1sBPhVZWZ5Xvhbfzh2ZyZyBtBdBX8cHFHUw6w09gEUl1aD5cYLO9m1JYE9CjuMKc848uDWySqzYW8Ywlm5BVu9+Y8sD-OZQSlz7ZJUPpDPzjBlWjXSyidiE9UYE2gby+RRCeaicYB78y2bTM1z5hvJ1VDVOT-D4km82T-MgD1BjiIM14FM40JD4LVysJczHcLhfY8YJKKiMvMc8Ff85b5JJVkkmjy8NTC479jY4e8uV8Sk3Tn9C17Ds9C889uWyWKwUJDNKLJdJ-UF4BDw8bNSpxPyyw8G1OD-AVdOb4+ZPmy4-ZlwO4UwdOQ4-4zCcmUCN-5aEOanlm35b4YG--DDpByDjBdJ+mDJ5ZYBRbXe3paBYBDO5HU8aBD-KutL7peWKHkbybzOR-oCjppwXYEDX4d-uoKDN4DSddKSO77m5SkEjmbzlBAQa4UP3GKSYG3wdtD7LBy7AdBGQ$aC7H2E9UyvAxl+7W3CylYBu7zSRJRjchB2+1zLzFpa-4A2+hcBjSUZ5cFjtnj5RjtYkm5ZXF18Yf08ox5URWOgchJlRYEvGZD9pXYHL5RxE4J+7-EBD7RPJVOG3$QxC$Ra3Fjd3Utn1q18zLAe1AQpJ8cRFwR27jE7yoK4DwAJUPcZNKoOAf3CC4Rmt8EXXjuZ5BEv5+KukT9vXODoEyBvzJ86dCYo-lcJk6X88k3Rd2AxURWD8vAFKns6XOR2knYkD7NVlml9ypW7-mEp5UDyRTUpWI493IdIOI+7NnU9kWkIdp5UkTOdXOUKdAt4UdWTdCkdduRTkozddCDIN4YkU5+VyNzPLgX8YmX4DqNgOq5kWiY9tk-kdodYUA1K7C9OUk-9KO8iBZk1QhKR71lyjatj-LRmAJYm7aODEOoY31dj7LlmE0Nay6N580PyARNLkNXaEM+xkH8t3nBZYMQRlMWwKgIMNfUvBnWwy$JNzOYUDaEJC7lJAu+CAiUF-ZCHQiD5RYD8dCUa-HFiO6tNlLELRCR-PRX-k5-QGDzZzHUjKbkf11aip-uB+OpLly90TCk17YQ+ERKwDQ9Yt$We7Ysh+1thdHRgRK7LEuzO8YzLz-zZAo-bli9jCYkwkKyotD3Zj8i4ZCR1NcJijdQEMKyvOqlwy+EYzwz-8ic6KVVOGbxbhOktsYAS5W7O72Ag7vICDbv-UOvy0OgOV$Nk71zYN8SOvOZmgOQmv-DdTlcx06QV0QT9-hWPlZ42t4YlZUX8DBhAsS4h+VtlSZJtLUzIL+7BxliGShXBi+Qhcbz03CQ07BDFlNjIcKURC+pt85Bbamg1lCl-xsGF3F7FQIXBhZvooBxDIZMfdYKLDfl51h+Kz-YqI+KwEdN$OzW0dYyyg2Aab-93-HVyZEv6b-J7DVDj4aydJuSp7wy$1Bh1yyiR-mDJZ5v7KbAo+HBCewOu7uz5vbM5hGi5vbMq-2tSSoKnj9+03ptHgBsbRY3vt7XDSyZWKbDN5HxExCPVtSiJh+u3v-zH+UgnFSSUgw3DhLxJv-R7NVSHxT75cK+JtSMWAHvNo4zahjXF277C9b8gb7yytDly3y7yyhICkxSCTgJvA7QXdGZmyy7+QDtEYh3htAQ-hOlBDZiV0axA1Zz6VWoODyQyzmkwkIJy-WKVTut9ZOURoHO1ioMHkbt7tYDMK$vVVL7ulzgxgxzHAk18kvyTEUJlBeOip1UnR1AVlGleN4Mwtdle+7NLkax9hL3HEkKypSL7z54mlwkLtjl5lNRJkmRSVpZ7ix3mz-j4zRgC87xphqIIZIxphOzZUbZpSVRbDBEaOTv9gdQRvuiuKlZGh-UGS-SDch29MwC-pgxVvqx7sZ-w8UAHONXkSn8CARgkxTjZk7B4ARxONvW7GwUplihBPRxplkMa3$djgw30Svi4R0iTS0xd0alFM0SdGLZNZtz8ZmYGKLM4k3OS7uAjgaB0gw3MZulNini+PnXbAqvnhnS+lMxPKMOASVZNMAhRKAxUiTg--q148DlwR-+o+u8iuvUZhvWkhQhiAFZwh19Ag-d9K8hUgdyLNTu5gKtZElD+KLD3b+oPio-lWSjE04UFxhSS9SB5sUyS2Eg57uKRyoQBJlD4RX7jXhhfg85vD0+65XuZyhi0EEf$Boiwjn9xiEmOlmUji7tDhXzJDsxb8fMCfo2nE3hhBxg0lDRalZRlW+X9+HJSTuK7MyJytiGgZ46Ig-2EZebB3b8Cf6XKJlA67RGH1UX9-a3I3qTj-lm2EOmyQKUAbPoL8BqvxBqBqsbklGKBfKzqMXcJhkh6OBnGfi8-pjWVmREjZpTO$V$pKnR6ea1D2-fVqGn-qCxZHVqZqaiwmod-qwyUvg1w6G6ZzLkYAcuDmBwoOHUo+BfKzL8C3xOyny6hgyq9dI3bwyH-7JwBRJHmm+uJ6GqyHoE$yLq2gwfKzuYPtEAKkVEMlDml9-fX3boeE4YXyN8$KuDuKZ6yjuENTy6HfFcDmS$HnuCufXtuaHquDRhHfZ$UwwqzWy6bkUm2fzXZqNSwsG7y$8h6Q9BwqKtPSaq1Y+yan4StSJHcLbR1z5fBj6IymWHZQs$4A48CkUn-R4AMQLHPOlRy$W$YUSANv$q5qWHJ6KZZSvz$qy$MiEy4z2vLHJnsNwlKHwzZAXAUZ4DSy9HO5-n3fLnIRDfeucVEy9qDwinFyb$iRiRIy96nknY1qiD9qG8BAu6o6GnIkR3bk$66K4AzfKqwzb8lzxS9wtUbU$q6H$mx6vmBnIAKRsQi4w4$8q7AT6HzWCH96pfKkpnsE$YIqXUDkpnbtFD9q3RmUYYO$CyTmNOwchiX$v6dVwnIY$JI46aHzREdnlYTtX$a11d66XzG0EzF3amuD9fMNyQwC7ndqomWDAN1LNhG6bUk663bYkHRd6mpmzpyfSDAlZ5Jqy$PymR0f-AiRy6kwnXV$6XpwgSJ$5X-ps$F6uBJQkqxXGHH-O7yHH57xgiStUfMmlN9XZ6n$LwS6nmSvfdSmBa6BHfuAnfaVu3HK2H2wVfL6nfQn+iB6nnx$x$n6Qqa4O8Pm$$M$Pm57bd+xQw-aH3g0GIl19Ncwe$Hl9NmYy2+fKzn6eLGGwfMnFmutMq+nRlNw7$hq+nhwP$JfkhYE0ytT6sSVpJtTfjbOkdi5l8CST8TYytq9uCFz8MR9EYdg2SCpxKOmDoy9C+x38P$y8U86tXkUpETI+baZJlkPGX8d9+HuGiLTe2KnJ8pmcbUeIFCBEkmYb0CYK6Hz9tjEgC1kuGD$zn8XvNEkOR0lILiYhI-CTHiJkDD183ntCzxihdjH7CVdQ-PBU8da8$8n6y4FeOV1aYfYeeQ7PlOUkyiAGi4DvCbUZG0HE4UFDvoJ8c12SqE3F8CEUvaDxEkEaK+GyikYkIzRqiERhBvo7zxSjn4bBiUDUsoHsi4XuzOJGRQGEKb40OWOFyYakqzS47b8IBLt7i1zvqR3OlVT8xpwKKOhdK4A9vYdlL9T8OxB1PN6zy2X4aiYtAi8vD+VHEas7WubzsmbKvq2izSu7zW8y82nMnNGFv8kDez--FCjGR8Xmz-lH6hs+9Y1XiC8SNh1qE-oConTOUaJx4J8zmHV1gi5B2yzpBHbqKjx$zFiMIyaYxCBYmgFR-itdEhlN8HXJ53hAwSRzcu0CqwXwb4H+plmfVpP1CzdikvfKRySnzxPuLEy23jBBKX2EKAOGO9FM15YECUDlgm9K4YEUDLSEbV$CHbP8byVSEX8yzwhiRK$C1Acvy9pwZlBIzcOw49bxb+ivysKYXzS9AlBmBuL9Y9KbliBhmdJbtzAZV9gBvlB2PmEO8c8d7zlcuT$Rkz19AbCljsBN5Dy-9+TS0NLLRUZy1iXPsmTZAoROgQ3m-4OROzVHciq3PthRTZjVEplaE14l8RbDm8d8syVi8jNSLnbCOU5v-c4SVIIKPTd9T89Q3Hbw4xyf9ysD-+B1mzPTEoUvBVhcAu8KqY8AApH5OVcm+VuEvoYSk4zxibqPG0O5ObOA18coBOiblUW6kXOoKpEC42sK31FYYV5ogbwqEHPVU-yHS7YVR1PAz6OkZ8jilJAQaa1JbWod-17Euklj8-9KGOoCeaVMAptHSjnRxK+zxSCZ48AqhQ19ULmoKJYJmN$-ETERcCoiK-ev7vcqy5dCHzmoL55oKt4mI2c3eJW0RUU+pNo2EFOjgt+N$d-a74QEkOeeUMCcovMhi4Tzj0eytUaMxoQaKNUm881R8tOT3PPRG1+oKjVV9$F8lCj81vMjwBpAqM4J+o9txDSy1vYUtY13YyD2U1nYY89b0OwDifp4QGbZ1D8xEzmEC5BJJspF9Zc47cRlKPGgqUvdT4NOiJyOQYXlz$0+ODJHYCds$-n7Sya10$jnBJgvaCQmZY8vYWKkEtCjiYyYDgj8V4CPCvT0zZD1lLzU7K0ks5Zvh3UxaGQ7Cq104zCk4kE4yqSD8cT8T+KoA+vb2klFORmzvyDi48lF9xUJkaS6BHVd-JlZnlpYUGfbfluy1J1ODX49B+lXNRs3PyQoDoxqY8RRFy7Dm71wDRJc+UJlFXbXnRz812b9K6J71U245pOYmXOzWLI089LE8tU7JsLcR9sEt8CNMoIY5svL2BYDzvt$sxY6LMIzyviT9o+lP5Dvo5j3DuE+BAEvRTHtMp954Et57Tb$DCwG89GD2sTb$D4-ZsDGILeYRaHqJeEZNkH85C9yq9iHmlFb3dVARwgu838BVKnR23q9FXLxp-Sd9OzEO28JBJDsc2sUZ4PXU8kHSCRxQDkZlNGlXzEYU7ed02okTw9+lKlazB3xGB-zS9Kl2-mvPIvUZ4uEl$givpR1UbPPx0i05LHVuz-ND759byvmZFpejJolO0o9GtxtWjFBMBgu4kVWZy0eDXw8avIbFbYn3XliuIUoBI+N01biXZKvOckoYjVi7m0A8-VlOD1E7Qti1vxcb3vgAeoJ0cXLVtiiCy1lTTdveCn2MuCiKDuYUOGVuAqu17J8XGGBO29+4m9l-6L0D2UjMemt30MYTc8iVbATQfpWB6-dUBFFRKd8fvyExeOAVaHz03Z9VHJjtIK3Coy8P7T2MEUt3mbyvRPeSVQTXNXwKvZDzzk0LtlOuM8iNb2J7TdH+pivm+b3j$U5RY05UTuLWJAyX6D0U8HyLWgDDRlqBGH9VQ5KPLfHduVO08Pw7HGv050yUZIxNKAIK3nB-EkGAFlFLwDFZ86WZtJBFFYvHvwvLVPX8lD1QFpWBAYjxjezmkxwR6Ot94Lb835M0EY+-C$MABPlcuo6LVWah9uAlazP91Jb3B0ktFsuKvyTv9Lf1Ljou48-VnEBjFkR8LLz4D0okUD8cwzn6EwP8kDaYJaons1O3Gc8+bEbF7l5F2zZFQE2B4$ESmly2zYGEOLiY0DUc7GkY8BzS1ASjELZPDtXtiRtlZKc-Ib2R6IYMwWyAMUiclLKi1wX8VHLnvcuQafDnCy8zA7T-TO0J941fDM3DFnBzGy2AT9OKnV05D8UEphUBBhd7RddRy7qziHZ9JS4N2xdCPRYajA8PkJ2j4UmvqzzEMJevOBLhvyjoiR4C7WUbCDk8NBkyCqUUb59WLFRIQcLERYGEMm+8dF25J8R3zVEPbHVxdyAoCosyxXo+Z4A-aclW48mT8v1gGDLXvz7uW8g1BV8DOO8b$WJoCT+Y4zGIWO5BeSkHoS8tw-JiJNbscUgAj-bmsUbS1souc8bu$18pVpU8fSoIs71RVDVi0HB6TPGuCACUmknyazR$iudF5E8cY0L4U58cXpbzwDkqJzOAZktlX22kq775u-N3VdoSlbo7Tebis-N8HZ9t7YPFvhmkKXcCo7uhV6v-NDBNFl$SJ7v2ocY4W4XYiuG3yl8njVbh7TOX7Wo8HkG-wHW8iR2tkaS4NHb$JFHZR188qziCdy1Lpi5U80T$EW-pUN-366Yo$bh+JdVHF-3fTswWBsWA9AXME0c5Tbx7YVY77YN3BFJfybsCKpkGAsGL$yzAa5NFb0mW4jSRhU62sBQaIhixDfUWNB5nOTJYE8pV92J5Smo89U32cizddXoY5+BvTAgEDCfb9LGITGsRHP-ypEilXRpVUST7h9YLOIxCYRil8ni0wqETg05Hs8npoBNHs9eVtv-yiNOBV340Q1ZIfljB2HZua1E7zB3lTM5bUO7tzNB38-DTvH-58wlsylSIGVSVHFzNe$kB2T9DWj2gwsE1hUeQU++MYXmOWEWjE2XhSvNYpNOcqOEUfvs55IFnjZ712kcpNwXfJVQ7b3M2ti-pkSGdp3dgzqou4REJdhaXyE3zKI148g42XaKpKUIJSIGV1DM2WKvIAniTMsNtcBgwDZS5kNhDvzN5$IyDaaz2WkBANLbuFcgMaWABQN$bvHGC4AKUyS9tIwlgN3ZuPpS8qICHKMEblmzANc4QHf3T4-kNzNvo2GJ7yOO+cz5nHnHykMlza66N5p4ksUk$XLk8VV8qniodz-Ck4TdiAltk9ER0R7LmILU5uNSO4P5jaCKUWUL7YN9INlTZVcaKAktBHJ1aWuRuRzdgzVSRp6DTtJBYKM6yu4JU6ugB1F2F5xTjwRu2zXYGhFmOPUwclKNg7MXgiPUG94EPtRE4bIC3WgSbNlcZSGphlRdjX+d4wLJ8z3Qs1g3mGdq3YMbklA2BHFJDyajPj8zyWnB7RZpW8kmFCA1kACcppETIvz147WMx8HyiJFVQpp1GEix0zctC8EO9I0LHyF5ZHb$kX6B3zHDFxQysUJvOU17DFMfLw2TllHXbhq7j9tYwz0mo8eSeUsgACjGYyBONM+999SC6skGSyvpWLaftzObJ1q3UsTQ34Roc2EaMp+u8dMgHPIFRRhDb3GRwR7YbMhlz726MyD8aQEb9PXBqJCoKAL3lvLX5AqjIIRT59v+hFidD3x0eMBg5aPs0P1tEeMvd5BKVKtm7268M6EHHLkEEhLvSZCUciOCcdZEqqTG+CCX6QdYWVDV106Cy4ezhAL3XC8SCdiFGnHZMxs0UPRSeRVsmNSp+LapYeEBP2vdxCpoYCTOZGAAvdD4m45KmPlGKDLX1PgFGTB6SLRJ+xumFXuLG+Rx8QBiGO-g1fDR4Z3Qy0GlpPB46YXAn3JbLu856Rc9YKvXLKZ+fTiSqcy3nC1g0-6u-MYKIcwogXw2cx+3ZOM5uHJoA1BFyzayg1gnae1NFzPnZHXmx42x70DREVoduxRgqR0UdGJJJLSB1Lp0YmO6o6TaHRPvKAgGHJJ5l-93s9u+KZoQpx2az40AM5T4L8SaGeg08H89nYgEx-eZuKS8y4SdGxle-QddtPyhB4x671FE4ik9mq7W3eJLQaXpEaXcVScBobNID6emOp1PBcWRXZoqRT5XJba0LvZofR0Tvz408d7Ozv8liSVFUYMGVCGEvx+NdPd2DtH-798APJLJ6KwjCphWtR9FD6E353isZLJ5+dUMNHVLKxHeJS+0IRqKa9xEfji3QGNHXiej2PpF8HM$uFIcV4d44sHK6VOl2BKfpWyhanwfi8-4K40kMPfRRiu-FHeA2taXVfy6fzbB$u6yPjL8bl9+2vDJzGdl8isazBuRmzZzVBlB65BAVs7cooxGnLicpVJN$MlXxBnTK$uw7y5S87z-xFeN48FtnWXbzcpuy+HEHBwBXLIzCgvP-joXv4vE$WlcUwUBK$WoCkmRmTRuiimKaLh4ZS3DAtE2x-ZvbxsDqH9BJKfi1MLQ4FyokoCA-RxFOJpn03JBW$EiZGKPIb2DKQySbYKvUD-U7YHCf07GKSUHYIK3niV+ms3AQkjwjJzsemETVkGPz5$ea1tkZUxOCyPcvb7dK-U591JUcUW1TawnIB2VkOKZQDeFt3puz7es10UOQ0Qu29m$9TpjOvUna99WoBP0b5nCBgRAZOulY5e9DzgqIh3dBMey3Ty8wLXccza3EJ88t5gSJFtL9pd4lXMmEE$$3KQAHh3sJs$zDuhElnJiZcsBVkyG8+Hpi3lR$3GejNlCItQR45DdBOKL42p$0TinAB2igzvE2H98slAasNUxJz8m2yt+tRET8Eiu-Gc5QXieUsTkoN15n-Lt6RupZGSxkMztDBotmd-V8MyyLaizkl81+$AUpO17G4Ti17URst$T68OjO1y8hyslyo1b2w90Qx5EpHdCSso5hYmOY1esTNZhlDW-lUPpLRTbo1dWzE8VTKSDj6$k8RtY6CbzQ$tFsp9JgOt183j117laugp3Z3c8dHPpyQtXsY3KjiYYBnDehJJQzjB9UBuwzD6TUZgy2LCRqORpBn2IS6YJRQ1WoRLQKwTiGoi5vk6JjxdBF9co4UNUSdODt2aQdBoXXCjthJc8GuROlMn6RjXICIUUB2xQH10dAGuHikTJp7R0XCv4iG4kK3a7by$IkL+uBqbPjFHKsxTTxQtjKkZWlWxTVvsXQtEGK+4MhRw33HWws1-Px5Q45A13s+81bb4xJl7QZOvv3xVFjE9Q4V8P2uoRvTsyx17qdidljUYfEObVo6$1zQ44Ok8ZRbJ8MbCBZnYtQSDTLZZqueoK$yOUjvaxEEPeFgzduUJ9KbSVPsQLZzdzeZHo-eVVVIVnMgixczeVLiYjxC5wunCwjing9$6$EmODw4B8SgtEYhtub489jw9sUFHLoTbj4T5mRBxOiPRCmD1vHXkUxFOgOnCZxmhZxD6GMbHqoR8P90ayBkHyi2eEC4voDPdiN6XAYjYIiRKvXkvbB8jSjO59i$Dv3IgNIUyn3vvvicQZR8bNeFJCWX9$7JkzG0KguNY21iTRnvb9z2tw9hGcRlvZ484vOcA847KJYGRmD7KgbY7PIQSx4SucsFw7GJGXSFKjX$7G7XDooi$kD2RFi7PJFPWm+a3BUsRyu61vm+22pUnwYBjK9dihC+mAEnitgEY8KzCRKkAuGGztDFn+Fy5QdbWx6O42ovjYnu$hp2D41V8yB7dXG2yWs40bkoWLoE8Jd$p-UQBHO4wMz9KoSDq7oCT6hudLoSb6y7KWwUlVp248P7OWvFekXIc5NIY+vlIvRJJ0huDF1qd6Zq6xzxj-fTm0MaEibbAtqQD2T6vuDZ41NqEhIJlYy+tc8Eh5Q3-G78adcRNO0pm6pZDkVzL8HSmod6v-e3DkNzCNV$qEsWESAtYv5V8wxTAg8y6XpC5IvxLWQGB2gIH4CqhL+BJAtbza5mYUAFIVxpPI06NiV5dvTGN3p59T6SuM+UPTKjMk8Vz0K6V$LUROsQkZTJbPR8j4bDf7dntCauuJTNUnj4NNdUEHgG$lH-R2zX3$IWi6p3sPM2aCAIc506y3XcAES54S8LqMSX18sHbM5SlP-iNmi6FNJP4iGuweC5+Bw3SWvaKziO8qpuF089$vFvJDuPL6eQs$WdIZFVJ+o1IWakmvMF-djKMHm--0B+VJzmWJZqicLsWuhoB8xaQ535spATbwWSOfbbpYmzcdA0Msol4IRjKiT82sKhYJ4ki9iTVih4mzb$VJTLQBEzaQD+nyDJvLaXJFAMglOoXP9WOKsIsIJ8lOO2ntenTso4R5sXGqZyFv3Cas+25dRqFqV1t1gWelo5nJRfiGJzY5ZFIY8w4QToRYzh76u9w8Rb7OatVby4J4BJDB4dt51gu8mHe-o8dKV7dumqwCBJRp9JLgus6F-TI97WTkni5596+w4IKXa1moRibVJQ9GB8hBjgo4stXKsoEFib7p7lQ0OjjPj0qzPE$mih-gB0kjwLHoGzh-goR8Kqm4Vhge+oo1wqtep-hk+NnawB4s7zskDuuICL8Wp2EWnOAyUzglZqfyLVy7+aoDZ22MZEEqOtWHlYlJYWFEwoFmekBaH8asxM8ElsfbykwKCeRcF4bg$$8-WDlRJtyGIH6W4+YCm5EZsP8$NxaD1cJGVOTuqJ-DwJlO46pJAS8gPMegcWB4vp9bLCRn8nbEcDbh8BV$$ETKbz7ARgxX7cABgCzTA3Kg9smk4ksybwoLcB5ltC5h7QLzyiJkLKC6bpHb1u+e8PCltoEHL4uDEg4HVQsX1Zet7y5IPwgQd6114b1n-y-GMEMT6EI1FmmMLonc5wjm1GB-je1eUEDj3ByEHXlTZ5EYjNoIlHhiXeaavT17vi9uhKsB9f+gqDBn8EXyGoLxsXHlRmDwgkKY3YmcYwuhzeTXKjm1maC-hgegluFSINSI5hI8WBFlRooGkZxFz1Q0YSvnVft80IwUmXc91lYmkKHH1Z0qb8FzcunmgQ8-B2qwTxUAssM+2kEm-zYXnSkYb7h1UXc4XceX6kcgEUXpqOk9ETj0mWvGtB5hemCg0H05wHvkyyB8h0CB8D6xg5B4cCUf1IwnOmCFz4haz94AZ9Z7bVmPqIRw5+7uPoF-PBsQgR8oxSbsHdw4v6yl-1fb6yyCLSXWG6pGJWnpJS7I-60tMJE6jRxVbuqXZ6oTNEOk7nANO3enmOuKc7oAONBTz5cwFWKjuHWt9oo-E13teUA-NZyoozypnLC$XDp1VlDNo$$ymKan3dcApApnoaMiT19-JFVW6ic5NwlpwmQiRbQ8RylGqQk6DRY+Eioe1u4NNW81i2A+i9adiOqCztY2zfiIav-VDzVWgxiW-iw4YuyWb0u+C+AnT03m-HW2DKhY8LLvYBywZIp61eBI1VuyXzUQGRQ9cTfBgWxLz5s6$4vPqQjZB8c3zyMaLzBJP-XRE5Z9EZm38GLvoR0MO+NRNEDkeSutl4vCM0aKMXaPOUPW+UDAgMOU3aJcS4GRF8d-lOT94Bsq9Ftp+jwKxTpaWftzcpWUbaKOqblxXw5Oaoj$ODWnARn+FldChwVazd5PzDoz8F+bwA+xQY24dCRxlz2Mk++Z4wbcSeLE88Y5BjEeBzk8YB-b-l2mUFAbCstyO0iblFmtHkozeQMnfWRe9kD$bleW8RBeBk8zfW88RsiI0t-8fPT4eqmaUCw8zWeq$i0g5BhGEMd8819fWfny8R$E8Gjb5Kl4dOxOVyRTzmhnm-Vn8A$HJKqCfPqtTVOom5JN4Y8yvLbVyk8kihHEXO2GAZU9kIzM4sAlHOmQ6t-hsePAPZF8kEfYX$Xua2msi0TOKKLvvQ2mU1naKO4keKycETKXtLFyx8BAfELbAifixwezAQIw96ZDlh6ei8Jtq9noDGxUejAm7DoffODCgecAQtPomYqDxw8bQ300C8l$y2WEVQWjCXHBw5xIeUQWnLJkCDoxqebic$La9byPzl88827b-KEum58YA1QA58ThLFaycYbfyQJ48SiAyM$LW8YZT8vYLw+pWwAchZGN8mAaUnPzkHdTpCsGDsFlAqQpKMEPCLBTp$kz0hWj8nJO5ltWKVq3PGKtoBD7WD97YuN8U6s5Dk4sOCmvmamL3p-$pOVuaYMVW5DCKdKwugPun05iMz9zYuLQ+na8kWzmKJeLOJ8UMBEz98D45mVWF9Aq70ksGWbxMPm3NDNELzuypmHKklD+xi5Jn1Mny8nuYopCAxM8EDGPpF61w1LlQotqCk5KjAYlyJ7$0hikKME88iyUwa7pCCvxJiRpWD-zmuJvRVdXkjLehVuav9VKI4mJ17l4ti4-b2Dy85Ew4yvB4TpfF97K5+7b1lTpnOKS$QFIcOEUEkmIn95+c7c8xCU5$E90hVESNnm7y4y90hc-PULWks35o9+m488F688"",""s"":""0.8810597646209634:1732353904:D6vRr4LU6lyULbDC1JMvW2sehfGTVrCFfRCwmj2EFJg""}",0,8,5,0,0,0,l
GET,/cdn-cgi/challenge-platform/h/g/scripts/jsd/e4025c85ea63/main.js?,,0,0,0,0,0,0,l
GET,/cdn-cgi/challenge-platform/scripts/jsd/main.js,,0,0,0,0,0,0,l
GET,/posts/31099154/ivc/744d?prg=9f22e719-bb05-4d00-a2f8-c8b7f6c4fc3c&_=1732356132171,,0,0,0,0,0,0,l
GET,/questions/31099154/a-good-way-to-take-network-requests-out-of-application-object,,0,0,0,0,0,0,l
GET,/embed/frame,,0,0,0,0,0,0,l
GET,/embed/script.js,,0,0,0,0,0,0,l
